customer_id,customer_name,email,registration_date,customer_type
CUST-00001,Michael Davis,michael.davis1@store.net,2023-09-09 00:00:00,REGULAR
CUST-00002,Michael Moore,michael.moore2@example.com,2022-08-14 00:00:00,REGULAR
CUST-00003,William Smith,william.smith3@yahoo.com,2023-03-09 00:00:00,REGULAR
CUST-00004,Robert Miller,robert.miller4@outlook.com,2022-04-15 00:00:00,REGULAR
CUST-00005,Patricia Lopez,patricia.lopez5@outlook.com,2023-09-11 00:00:00,REGULAR
CUST-00006,Mary Anderson,mary.anderson6@store.net,2022-05-08 00:00:00,VIP
CUST-00007,Richard Williams,richard.williams7@store.net,2022-10-28 00:00:00,PREMIUM
CUST-00008,Karen Lopez,karen.lopez8@store.net,2022-07-16 00:00:00,PREMIUM
CUST-00009,Mary Davis,mary.davis9@outlook.com,2022-03-23 00:00:00,PREMIUM
CUST-00010,Patricia Gonzalez,patricia.gonzalez10@outlook.com,2023-04-10 00:00:00,REGULAR
CUST-00011,Barbara Garcia,barbara.garcia11@outlook.com,2022-12-30 00:00:00,REGULAR
CUST-00012,William Williams,william.williams12@store.net,2023-10-13 00:00:00,REGULAR
CUST-00013,Linda Garcia,linda.garcia13@example.com,2023-01-24 00:00:00,REGULAR
CUST-00014,Sarah Davis,sarah.davis14@outlook.com,2022-02-27 00:00:00,REGULAR
CUST-00015,Mary Hernandez,mary.hernandez15@example.com,2022-10-02 00:00:00,REGULAR
CUST-00016,Charles Hernandez,charles.hernandez16@yahoo.com,2023-11-03 00:00:00,REGULAR
CUST-00017,Joseph Jones,joseph.jones17@outlook.com,2022-05-23 00:00:00,REGULAR
CUST-00018,Sarah Moore,sarah.moore18@outlook.com,2023-08-22 00:00:00,REGULAR
CUST-00019,Charles Gonzalez,charles.gonzalez19@outlook.com,2022-08-13 00:00:00,VIP
CUST-00020,Robert Taylor,robert.taylor20@example.com,2022-04-04 00:00:00,PREMIUM
CUST-00021,Patricia Jones,patricia.jones21@yahoo.com,2023-11-28 00:00:00,REGULAR
CUST-00022,John Gonzalez,john.gonzalez22@example.com,2023-09-03 00:00:00,VIP
CUST-00023,Thomas Rodriguez,thomas.rodriguez23@store.net,2022-01-12 00:00:00,REGULAR
CUST-00024,Patricia Moore,patricia.moore24@outlook.com,2023-10-19 00:00:00,REGULAR
CUST-00025,Elizabeth Wilson,elizabeth.wilson25@yahoo.com,2023-04-10 00:00:00,REGULAR
CUST-00026,William Taylor,william.taylor@domain_without_extension,2023-06-04 00:00:00,VIP
CUST-00027,Elizabeth Taylor,elizabeth.taylor27@store.net,2022-07-23 00:00:00,REGULAR
CUST-00028,Jennifer Moore,jennifer.moore28@store.net,2022-01-01 00:00:00,REGULAR
CUST-00029,Jessica Smith,jessica.smith29@gmail.com,2023-01-07 00:00:00,PREMIUM
CUST-00030,Elizabeth Davis,elizabeth.davis30@gmail.com,2022-09-04 00:00:00,PREMIUM
CUST-00031,John Williams,invalid_email_31,2022-03-12 00:00:00,VIP
CUST-00032,Sarah Jones,sarah.jones32@yahoo.com,2023-11-07 00:00:00,REGULAR
CUST-00033,Sarah Garcia,sarahgarcia#example.com,2023-06-25 00:00:00,PREMIUM
CUST-00034,Susan Miller,susan.miller34@store.net,2022-07-25 00:00:00,PREMIUM
CUST-00035,Richard Lopez,richard.lopez35@example.com,2023-06-14 00:00:00,REGULAR
CUST-00036,Linda Davis,linda.davis36@gmail.com,2022-12-13 00:00:00,REGULAR
CUST-00037,Sarah Davis,sarah.davis37@store.net,2022-08-14 00:00:00,REGULAR
CUST-00038,Mary Davis,mary.davis38@gmail.com,2022-02-02 00:00:00,PREMIUM
CUST-00039,John Taylor,john.taylor39@yahoo.com,2022-10-13 00:00:00,REGULAR
CUST-00040,Michael Moore,michael.moore40@yahoo.com,2023-08-08 00:00:00,REGULAR
CUST-00041,Linda Thomas,linda.thomas41@example.com,2022-07-14 00:00:00,REGULAR
CUST-00042,Susan Lopez,susan.lopez42@example.com,2023-02-25 00:00:00,REGULAR
CUST-00043,Mary Brown,mary.brown43@gmail.com,2023-02-17 00:00:00,PREMIUM
CUST-00044,Patricia Davis,patricia.davis44@yahoo.com,2022-07-14 00:00:00,REGULAR
CUST-00045,Robert Wilson,robert.wilson45@yahoo.com,2022-10-13 00:00:00,REGULAR
CUST-00046,John Anderson,john.anderson46@store.net,2022-04-11 00:00:00,REGULAR
CUST-00047,Sarah Smith,sarah.smith47@gmail.com,2022-08-31 00:00:00,REGULAR
CUST-00048,Jessica Thomas,jessica.thomas48@yahoo.com,2023-02-15 00:00:00,VIP
CUST-00049,Jennifer Gonzalez,jennifer.gonzalez49@gmail.com,2023-02-04 00:00:00,REGULAR
CUST-00050,Joseph Martinez,joseph.martinez50@example.com,2023-07-24 00:00:00,REGULAR
CUST-00051,Jessica Jones,jessica.jones51@yahoo.com,2022-10-31 00:00:00,REGULAR
CUST-00052,Mary Jackson,mary.jackson52@store.net,2022-03-04 00:00:00,PREMIUM
CUST-00053,Mary Johnson,mary.johnson53@store.net,2023-05-04 00:00:00,REGULAR
CUST-00054,Thomas Garcia,thomas.garcia54@gmail.com,2023-06-05 00:00:00,REGULAR
CUST-00055,Jennifer Williams,jennifer.williams55@store.net,2022-03-11 00:00:00,REGULAR
CUST-00056,Linda Gonzalez,linda.gonzalez56@gmail.com,2023-08-07 00:00:00,REGULAR
CUST-00057,Karen Johnson,karen.johnson57@store.net,2022-03-25 00:00:00,REGULAR
CUST-00058,Charles Jackson,charles.jackson58@store.net,2022-11-20 00:00:00,VIP
CUST-00059,Michael Hernandez,michael.hernandez59@yahoo.com,2022-09-29 00:00:00,REGULAR
CUST-00060,Elizabeth Anderson,elizabeth.anderson60@outlook.com,2022-03-16 00:00:00,REGULAR
CUST-00061,Karen Jackson,karen.jackson61@gmail.com,2022-03-17 00:00:00,REGULAR
CUST-00062,Thomas Rodriguez,thomas.rodriguez62@yahoo.com,2022-12-24 00:00:00,PREMIUM
CUST-00063,Linda Lopez,linda.lopez63@outlook.com,2022-06-11 00:00:00,REGULAR
CUST-00064,Sarah Martinez,sarah.martinez64@store.net,2023-11-01 00:00:00,REGULAR
CUST-00065,Sarah Martinez,sarah.martinez65@gmail.com,2022-05-18 00:00:00,REGULAR
CUST-00066,Patricia Moore,patricia.moore66@yahoo.com,2022-10-06 00:00:00,REGULAR
CUST-00067,Michael Hernandez,michael.hernandez67@yahoo.com,2023-10-12 00:00:00,PREMIUM
CUST-00068,Thomas Thomas,thomas.thomas68@outlook.com,2022-02-22 00:00:00,REGULAR
CUST-00069,Susan Rodriguez,susan.rodriguez69@gmail.com,2022-01-04 00:00:00,REGULAR
CUST-00070,Robert Rodriguez,robert.rodriguez70@yahoo.com,2023-03-29 00:00:00,REGULAR
CUST-00071,Susan Moore,susan.moore71@gmail.com,2022-04-25 00:00:00,REGULAR
CUST-00072,Robert Moore,robert.moore72@gmail.com,2023-01-14 00:00:00,REGULAR
CUST-00073,Robert Wilson,robert.wilson73@yahoo.com,2022-02-12 00:00:00,REGULAR
CUST-00074,Mary Lopez,mary.lopez74@yahoo.com,2023-11-30 00:00:00,REGULAR
CUST-00075,Patricia Lopez,patricia.lopez75@store.net,2023-02-21 00:00:00,VIP
CUST-00076,Robert Davis,robert.davis76@yahoo.com,2022-07-01 00:00:00,PREMIUM
CUST-00077,James Garcia,james.garcia77@outlook.com,2023-02-26 00:00:00,PREMIUM
CUST-00078,Linda Rodriguez,linda.rodriguez78@yahoo.com,2022-04-21 00:00:00,REGULAR
CUST-00079,Mary Thomas,mary.thomas79@yahoo.com,2022-07-24 00:00:00,PREMIUM
CUST-00080,Joseph Lopez,joseph.lopez80@outlook.com,2022-08-22 00:00:00,REGULAR
CUST-00081,Michael Gonzalez,michael.gonzalez81@outlook.com,2022-10-13 00:00:00,PREMIUM
CUST-00082,William Lopez,william.lopez82@store.net,2023-02-14 00:00:00,REGULAR
CUST-00083,Sarah Hernandez,sarah.hernandez83@gmail.com,2022-04-29 00:00:00,PREMIUM
CUST-00084,William Garcia,william.garcia84@store.net,2022-09-29 00:00:00,REGULAR
CUST-00085,Karen Wilson,karen.wilson85@outlook.com,2022-11-18 00:00:00,REGULAR
CUST-00086,Thomas Brown,thomas.brown86@example.com,2023-08-14 00:00:00,REGULAR
CUST-00087,Mary Wilson,mary.wilson87@gmail.com,2023-06-17 00:00:00,VIP
CUST-00088,Sarah Miller,sarah.miller88@outlook.com,2023-03-18 00:00:00,REGULAR
CUST-00089,David Martin,david.martin89@outlook.com,2023-11-11 00:00:00,PREMIUM
CUST-00090,Elizabeth Taylor,elizabethtaylor#example.com,2023-11-14 00:00:00,REGULAR
CUST-00091,Richard Martinez,richard.martinez91@store.net,2022-05-11 00:00:00,REGULAR
CUST-00092,Richard Garcia,richard.garcia92@store.net,2023-08-06 00:00:00,REGULAR
CUST-00093,Sarah Smith,sarah.smith93@outlook.com,2022-10-21 00:00:00,REGULAR
CUST-00094,Charles Martin,charles.martin94@outlook.com,2023-04-22 00:00:00,REGULAR
CUST-00095,Michael Taylor,michael.taylor95@example.com,2022-06-23 00:00:00,REGULAR
CUST-00096,Elizabeth Taylor,elizabethtaylor#example.com,2022-04-06 00:00:00,PREMIUM
CUST-00097,Linda Martinez,linda.martinez97@yahoo.com,2022-07-23 00:00:00,REGULAR
CUST-00098,Mary Davis,mary.davis98@example.com,2023-09-18 00:00:00,PREMIUM
CUST-00099,John Anderson,john.anderson99@example.com,2023-10-07 00:00:00,REGULAR
CUST-00100,Richard Thomas,richard.thomas100@example.com,2022-09-07 00:00:00,REGULAR
CUST-00101,James Brown,james.brown101@example.com,2022-08-13 00:00:00,REGULAR
CUST-00102,Thomas Anderson,thomas.anderson102@gmail.com,2023-07-25 00:00:00,REGULAR
CUST-00103,Patricia Anderson,patricia.anderson103@yahoo.com,2023-04-21 00:00:00,REGULAR
CUST-00104,Sarah Martin,sarah.martin104@outlook.com,2023-03-30 00:00:00,REGULAR
CUST-00105,Thomas Wilson,invalid_email_105,2022-06-12 00:00:00,PREMIUM
CUST-00106,Jessica Anderson,jessica.anderson106@outlook.com,2022-09-11 00:00:00,PREMIUM
CUST-00107,William Taylor,william.taylor107@example.com,2023-10-04 00:00:00,REGULAR
CUST-00108,Joseph Williams,joseph.williams108@outlook.com,2022-08-29 00:00:00,REGULAR
CUST-00109,David Moore,david.moore109@gmail.com,2022-05-22 00:00:00,REGULAR
CUST-00110,Richard Jones,richard.jones110@yahoo.com,2022-03-07 00:00:00,REGULAR
CUST-00111,David Moore,david.moore111@example.com,2023-03-02 00:00:00,REGULAR
CUST-00112,Susan Gonzalez,susan.gonzalez112@store.net,2022-01-21 00:00:00,PREMIUM
CUST-00113,Charles Gonzalez,charles.gonzalez113@example.com,2022-01-07 00:00:00,VIP
CUST-00114,Elizabeth Gonzalez,elizabeth.gonzalez114@example.com,2023-07-06 00:00:00,PREMIUM
CUST-00115,Sarah Martin,sarah.martin@domain_without_extension,2023-05-15 00:00:00,REGULAR
CUST-00116,Susan Thomas,susan.thomas116@gmail.com,2023-02-03 00:00:00,REGULAR
CUST-00117,Richard Garcia,richard.garcia117@example.com,2022-05-11 00:00:00,VIP
CUST-00118,Sarah Smith,sarah.smith118@example.com,2023-08-30 00:00:00,REGULAR
CUST-00119,James Williams,james.williams119@example.com,2022-05-19 00:00:00,PREMIUM
CUST-00120,Jennifer Johnson,jennifer.johnson120@outlook.com,2023-01-24 00:00:00,REGULAR
CUST-00121,Joseph Hernandez,joseph.hernandez121@outlook.com,2023-01-24 00:00:00,REGULAR
CUST-00122,Susan Rodriguez,susan.rodriguez122@gmail.com,2023-04-27 00:00:00,REGULAR
CUST-00123,Sarah Johnson,sarah.johnson123@outlook.com,2022-08-18 00:00:00,REGULAR
CUST-00124,Mary Smith,mary.smith124@yahoo.com,2022-07-24 00:00:00,PREMIUM
CUST-00125,Karen Jones,karen.jones125@yahoo.com,2022-05-10 00:00:00,REGULAR
CUST-00126,Patricia Jackson,patricia.jackson126@yahoo.com,2023-04-22 00:00:00,REGULAR
CUST-00127,Barbara Garcia,barbara.garcia127@store.net,2023-09-14 00:00:00,VIP
CUST-00128,Patricia Garcia,patricia.garcia128@outlook.com,2022-04-21 00:00:00,REGULAR
CUST-00129,Elizabeth Jackson,elizabeth.jackson129@example.com,2023-02-11 00:00:00,VIP
CUST-00130,Michael Williams,michael.williams130@store.net,2023-10-05 00:00:00,REGULAR
CUST-00131,Elizabeth Martin,elizabeth.martin131@gmail.com,2023-08-03 00:00:00,PREMIUM
CUST-00132,Barbara Moore,barbara.moore132@example.com,2023-11-09 00:00:00,REGULAR
CUST-00133,Thomas Hernandez,thomas.hernandez133@gmail.com,2023-03-07 00:00:00,PREMIUM
CUST-00134,Patricia Wilson,patricia.wilson134@outlook.com,2023-10-13 00:00:00,PREMIUM
CUST-00135,Joseph Jones,joseph.jones135@example.com,2022-06-30 00:00:00,PREMIUM
CUST-00136,William Martin,william.martin136@store.net,2023-05-11 00:00:00,REGULAR
CUST-00137,Charles Rodriguez,charles.rodriguez137@outlook.com,2022-09-09 00:00:00,PREMIUM
CUST-00138,John Rodriguez,john.rodriguez138@example.com,2022-09-07 00:00:00,PREMIUM
CUST-00139,Charles Martin,charles.martin139@example.com,2022-12-11 00:00:00,REGULAR
CUST-00140,David Garcia,david.garcia140@example.com,2022-08-06 00:00:00,REGULAR
CUST-00141,William Hernandez,william.hernandez141@outlook.com,2023-09-03 00:00:00,PREMIUM
CUST-00142,William Moore,william.moore142@gmail.com,2023-06-14 00:00:00,VIP
CUST-00143,John Davis,invalid_email_143,2023-05-16 00:00:00,REGULAR
CUST-00144,Linda Thomas,linda.thomas144@example.com,2023-04-04 00:00:00,PREMIUM
CUST-00145,John Martinez,john.martinez145@yahoo.com,2023-02-19 00:00:00,REGULAR
CUST-00146,Elizabeth Jackson,elizabeth.jackson146@outlook.com,2023-04-30 00:00:00,REGULAR
CUST-00147,Barbara Wilson,barbara.wilson147@store.net,2022-12-05 00:00:00,REGULAR
CUST-00148,Joseph Rodriguez,joseph.rodriguez148@outlook.com,2022-09-15 00:00:00,REGULAR
CUST-00149,Michael Hernandez,michael.hernandez149@gmail.com,2023-07-03 00:00:00,VIP
CUST-00150,Jennifer Miller,jennifer.miller150@yahoo.com,2023-05-11 00:00:00,REGULAR
CUST-00151,Charles Taylor,charles.taylor151@store.net,2022-10-17 00:00:00,VIP
CUST-00152,Michael Martinez,michael.martinez152@yahoo.com,2023-01-05 00:00:00,REGULAR
CUST-00153,James Moore,james.moore153@yahoo.com,2022-10-08 00:00:00,REGULAR
CUST-00154,Mary Moore,mary.moore154@outlook.com,2022-05-10 00:00:00,REGULAR
CUST-00155,Jessica Brown,jessica.brown155@gmail.com,2023-08-11 00:00:00,REGULAR
CUST-00156,Jessica Anderson,jessica.anderson156@outlook.com,2022-07-08 00:00:00,VIP
CUST-00157,William Thomas,william.thomas157@gmail.com,2022-03-08 00:00:00,REGULAR
CUST-00158,John Jackson,john.jackson158@gmail.com,2022-06-05 00:00:00,REGULAR
CUST-00159,Charles Martinez,charles.martinez159@gmail.com,2022-09-12 00:00:00,REGULAR
CUST-00160,Susan Martin,susan.martin160@store.net,2023-09-26 00:00:00,REGULAR
CUST-00161,Thomas Gonzalez,thomas.gonzalez161@example.com,2023-03-30 00:00:00,REGULAR
CUST-00162,Charles Wilson,charles.wilson162@outlook.com,2023-08-06 00:00:00,REGULAR
CUST-00163,Karen Brown,karen.brown163@yahoo.com,2023-10-03 00:00:00,REGULAR
CUST-00164,John Garcia,john.garcia164@yahoo.com,2022-06-27 00:00:00,REGULAR
CUST-00165,Jennifer Smith,jennifer.smith165@example.com,2023-04-07 00:00:00,REGULAR
CUST-00166,Jessica Martinez,jessica.martinez166@gmail.com,2022-08-26 00:00:00,REGULAR
CUST-00167,Elizabeth Anderson,elizabeth.anderson167@gmail.com,2022-08-28 00:00:00,VIP
CUST-00168,Charles Miller,charles.miller168@example.com,2022-04-28 00:00:00,REGULAR
CUST-00169,Robert Rodriguez,robert.rodriguez169@yahoo.com,2022-03-15 00:00:00,REGULAR
CUST-00170,Elizabeth Martin,elizabeth.martin170@store.net,2022-10-23 00:00:00,REGULAR
CUST-00171,Joseph Martinez,joseph.martinez171@example.com,2022-10-06 00:00:00,REGULAR
CUST-00172,Jessica Anderson,jessica.anderson172@gmail.com,2023-09-05 00:00:00,REGULAR
CUST-00173,Susan Hernandez,susan.hernandez173@store.net,2022-09-14 00:00:00,REGULAR
CUST-00174,Linda Jackson,linda.jackson174@store.net,2022-01-22 00:00:00,VIP
CUST-00175,William Jackson,william.jackson175@gmail.com,2022-06-29 00:00:00,REGULAR
CUST-00176,Joseph Rodriguez,joseph.rodriguez176@yahoo.com,2023-08-23 00:00:00,REGULAR
CUST-00177,Jessica Williams,jessica.williams177@example.com,2022-12-23 00:00:00,REGULAR
CUST-00178,David Brown,david.brown178@yahoo.com,2022-12-04 00:00:00,REGULAR
CUST-00179,Jessica Martinez,jessica.martinez179@example.com,2023-07-18 00:00:00,REGULAR
CUST-00180,John Hernandez,john.hernandez180@outlook.com,2022-11-28 00:00:00,REGULAR
CUST-00181,Richard Taylor,richard.taylor181@gmail.com,2023-11-05 00:00:00,PREMIUM
CUST-00182,Joseph Wilson,joseph.wilson182@gmail.com,2022-07-12 00:00:00,REGULAR
CUST-00183,Karen Thomas,karen.thomas183@example.com,2022-02-22 00:00:00,REGULAR
CUST-00184,Sarah Jones,sarah.jones184@outlook.com,2023-03-25 00:00:00,PREMIUM
CUST-00185,Jessica Brown,jessica.brown185@gmail.com,2023-10-08 00:00:00,REGULAR
CUST-00186,Linda Garcia,linda.garcia186@outlook.com,2023-07-19 00:00:00,REGULAR
CUST-00187,Susan Williams,susan.williams187@yahoo.com,2022-04-27 00:00:00,REGULAR
CUST-00188,Patricia Jones,patricia.jones188@example.com,2022-10-26 00:00:00,REGULAR
CUST-00189,William Wilson,william.wilson189@example.com,2023-04-29 00:00:00,REGULAR
CUST-00190,Sarah Jones,sarah.jones190@example.com,2022-07-15 00:00:00,VIP
CUST-00191,Thomas Jones,thomas.jones191@gmail.com,2022-10-10 00:00:00,PREMIUM
CUST-00192,Susan Hernandez,susan.hernandez192@store.net,2022-10-01 00:00:00,PREMIUM
CUST-00193,Elizabeth Martinez,elizabeth.martinez193@store.net,2023-08-17 00:00:00,VIP
CUST-00194,Jessica Jones,jessica.jones194@example.com,2023-07-06 00:00:00,REGULAR
CUST-00195,David Moore,david.moore195@store.net,2023-01-22 00:00:00,REGULAR
CUST-00196,David Miller,david.miller196@yahoo.com,2023-08-09 00:00:00,REGULAR
CUST-00197,Susan Johnson,susan.johnson197@outlook.com,2023-04-30 00:00:00,PREMIUM
CUST-00198,Richard Gonzalez,richard.gonzalez198@yahoo.com,2023-05-23 00:00:00,VIP
CUST-00199,Robert Taylor,robert.taylor199@store.net,2022-12-06 00:00:00,PREMIUM
CUST-00200,Joseph Brown,joseph.brown200@store.net,2023-04-13 00:00:00,REGULAR
CUST-00201,Robert Wilson,robert.wilson201@yahoo.com,2022-03-18 00:00:00,REGULAR
CUST-00202,William Hernandez,william.hernandez202@store.net,2023-02-12 00:00:00,REGULAR
CUST-00203,David Moore,david.moore203@example.com,2022-11-21 00:00:00,REGULAR
CUST-00204,Jessica Moore,jessica.moore204@gmail.com,2023-09-25 00:00:00,REGULAR
CUST-00205,Elizabeth Davis,elizabeth.davis205@gmail.com,2023-03-21 00:00:00,VIP
CUST-00206,Patricia Anderson,patricia.anderson206@yahoo.com,2022-11-03 00:00:00,VIP
CUST-00207,Mary Hernandez,mary.hernandez207@gmail.com,2022-10-28 00:00:00,REGULAR
CUST-00208,Susan Jones,susan.jones208@yahoo.com,2023-06-28 00:00:00,REGULAR
CUST-00209,Jennifer Garcia,jennifer.garcia209@yahoo.com,2022-03-22 00:00:00,REGULAR
CUST-00210,Richard Martin,richard.martin210@yahoo.com,2023-05-25 00:00:00,VIP
CUST-00211,Robert Davis,robert.davis211@example.com,2023-10-16 00:00:00,REGULAR
CUST-00212,William Smith,william.smith212@example.com,2022-10-22 00:00:00,REGULAR
CUST-00213,Jennifer Williams,jennifer.williams213@example.com,2022-12-20 00:00:00,VIP
CUST-00214,Elizabeth Wilson,elizabeth.wilson214@outlook.com,2023-04-13 00:00:00,PREMIUM
CUST-00215,Michael Gonzalez,michael.gonzalez215@example.com,2022-04-20 00:00:00,REGULAR
CUST-00216,Charles Lopez,charles.lopez216@store.net,2022-10-30 00:00:00,VIP
CUST-00217,Elizabeth Smith,elizabeth.smith217@example.com,2022-10-09 00:00:00,REGULAR
CUST-00218,Mary Martin,mary.martin218@example.com,2022-10-21 00:00:00,PREMIUM
CUST-00219,Linda Martin,linda.martin219@outlook.com,2022-08-13 00:00:00,REGULAR
CUST-00220,Karen Rodriguez,karen.rodriguez220@yahoo.com,2023-10-06 00:00:00,REGULAR
CUST-00221,Mary Martinez,mary.martinez221@example.com,2022-02-04 00:00:00,REGULAR
CUST-00222,Robert Williams,robert.williams222@outlook.com,2022-12-01 00:00:00,PREMIUM
CUST-00223,Jennifer Miller,jennifer.miller223@yahoo.com,2023-07-07 00:00:00,PREMIUM
CUST-00224,Barbara Taylor,barbara.taylor224@store.net,2022-10-07 00:00:00,PREMIUM
CUST-00225,William Thomas,william.thomas225@outlook.com,2022-12-13 00:00:00,PREMIUM
CUST-00226,Joseph Williams,joseph.williams226@yahoo.com,2022-08-20 00:00:00,PREMIUM
CUST-00227,Richard Moore,richard.moore227@outlook.com,2022-04-03 00:00:00,PREMIUM
CUST-00228,James Rodriguez,james.rodriguez228@store.net,2022-05-07 00:00:00,REGULAR
CUST-00229,William Jackson,invalid_email_229,2023-10-16 00:00:00,VIP
CUST-00230,Patricia Davis,patricia.davis230@example.com,2022-01-26 00:00:00,REGULAR
CUST-00231,Sarah Hernandez,sarah.hernandez231@store.net,2022-08-15 00:00:00,REGULAR
CUST-00232,Joseph Martinez,joseph.martinez232@example.com,2022-04-30 00:00:00,REGULAR
CUST-00233,Mary Martinez,mary.martinez233@example.com,2022-04-29 00:00:00,REGULAR
CUST-00234,Sarah Jones,sarah.jones234@example.com,2023-04-10 00:00:00,REGULAR
CUST-00235,Sarah Wilson,sarah.wilson235@store.net,2022-06-08 00:00:00,PREMIUM
CUST-00236,Patricia Thomas,patricia.thomas236@store.net,2023-02-22 00:00:00,VIP
CUST-00237,William Johnson,william.johnson237@outlook.com,2022-08-11 00:00:00,REGULAR
CUST-00238,Linda Lopez,linda.lopez238@gmail.com,2023-01-12 00:00:00,REGULAR
CUST-00239,Barbara Johnson,barbara.johnson239@example.com,2022-10-10 00:00:00,REGULAR
CUST-00240,Patricia Anderson,patricia.anderson240@gmail.com,2023-11-10 00:00:00,REGULAR
CUST-00241,Karen Smith,karen.smith241@gmail.com,2022-12-08 00:00:00,REGULAR
CUST-00242,Robert Jackson,robert.jackson242@yahoo.com,2022-03-12 00:00:00,PREMIUM
CUST-00243,Sarah Miller,sarah.miller243@store.net,2022-08-10 00:00:00,PREMIUM
CUST-00244,Linda Hernandez,linda.hernandez244@yahoo.com,2023-09-03 00:00:00,REGULAR
CUST-00245,Robert Jones,robert.jones245@store.net,2022-09-14 00:00:00,PREMIUM
CUST-00246,Patricia Smith,patricia.smith246@yahoo.com,2022-01-16 00:00:00,REGULAR
CUST-00247,Linda Jackson,linda.jackson247@outlook.com,2022-01-17 00:00:00,REGULAR
CUST-00248,Mary Jones,mary.jones248@example.com,2023-06-23 00:00:00,REGULAR
CUST-00249,John Thomas,john.thomas249@example.com,2023-01-06 00:00:00,REGULAR
CUST-00250,Patricia Anderson,patricia.anderson250@store.net,2022-08-15 00:00:00,VIP
CUST-00251,Mary Taylor,marytaylor#example.com,2023-04-15 00:00:00,REGULAR
CUST-00252,James Johnson,james.johnson252@example.com,2023-02-16 00:00:00,REGULAR
CUST-00253,Patricia Thomas,patricia.thomas253@example.com,2022-03-17 00:00:00,PREMIUM
CUST-00254,David Martin,david.martin254@yahoo.com,2022-03-09 00:00:00,REGULAR
CUST-00255,Karen Jackson,karen.jackson255@store.net,2022-11-29 00:00:00,REGULAR
CUST-00256,Karen Taylor,karen.taylor256@outlook.com,2023-04-10 00:00:00,REGULAR
CUST-00257,Susan Brown,susan.brown257@gmail.com,2023-11-02 00:00:00,REGULAR
CUST-00258,Sarah Miller,sarah.miller258@example.com,2023-04-08 00:00:00,PREMIUM
CUST-00259,Susan Hernandez,susan.hernandez259@example.com,2023-02-13 00:00:00,REGULAR
CUST-00260,Patricia Hernandez,patricia.hernandez260@example.com,2022-11-17 00:00:00,REGULAR
CUST-00261,Barbara Jones,barbara.jones261@example.com,2022-03-10 00:00:00,REGULAR
CUST-00262,John Williams,john.williams262@example.com,2022-04-09 00:00:00,PREMIUM
CUST-00263,Barbara Jones,barbara.jones263@store.net,2022-03-03 00:00:00,REGULAR
CUST-00264,Sarah Moore,sarah.moore264@outlook.com,2023-11-18 00:00:00,REGULAR
CUST-00265,Barbara Wilson,barbara.wilson265@gmail.com,2022-10-22 00:00:00,REGULAR
CUST-00266,Barbara Brown,barbara.brown266@store.net,2023-06-04 00:00:00,REGULAR
CUST-00267,Jessica Davis,jessica.davis267@gmail.com,2022-12-25 00:00:00,PREMIUM
CUST-00268,Barbara Brown,barbara.brown268@outlook.com,2023-08-11 00:00:00,REGULAR
CUST-00269,Susan Moore,susan.moore269@store.net,2023-09-21 00:00:00,REGULAR
CUST-00270,Sarah Smith,sarah.smith270@store.net,2023-11-05 00:00:00,PREMIUM
CUST-00271,William Smith,william.smith271@yahoo.com,2022-10-07 00:00:00,PREMIUM
CUST-00272,Elizabeth Hernandez,elizabeth.hernandez272@outlook.com,2022-01-07 00:00:00,REGULAR
CUST-00273,Robert Jackson,robert.jackson273@example.com,2022-03-13 00:00:00,REGULAR
CUST-00274,James Williams,james.williams274@store.net,2022-08-09 00:00:00,REGULAR
CUST-00275,Joseph Hernandez,joseph.hernandez275@yahoo.com,2023-01-14 00:00:00,REGULAR
CUST-00276,David Jackson,david.jackson276@store.net,2022-03-28 00:00:00,PREMIUM
CUST-00277,Robert Garcia,robert.garcia277@store.net,2022-02-20 00:00:00,REGULAR
CUST-00278,William Anderson,william.anderson278@example.com,2023-05-13 00:00:00,REGULAR
CUST-00279,Susan Rodriguez,susan.rodriguez279@yahoo.com,2023-06-09 00:00:00,REGULAR
CUST-00280,Susan Brown,susan.brown280@outlook.com,2023-11-26 00:00:00,REGULAR
CUST-00281,Jessica Taylor,jessica.taylor281@outlook.com,2022-02-16 00:00:00,REGULAR
CUST-00282,Karen Johnson,karenjohnsonatgmail.com,2022-07-29 00:00:00,REGULAR
CUST-00283,Michael Jones,michael.jones283@outlook.com,2022-10-24 00:00:00,REGULAR
CUST-00284,James Thomas,james.thomas284@example.com,2022-06-29 00:00:00,REGULAR
CUST-00285,Sarah Davis,sarah.davis285@store.net,2023-07-27 00:00:00,PREMIUM
CUST-00286,Barbara Williams,barbara.williams286@example.com,2022-02-13 00:00:00,REGULAR
CUST-00287,Joseph Williams,joseph.williams287@outlook.com,2023-08-13 00:00:00,REGULAR
CUST-00288,Richard Wilson,richard.wilson288@outlook.com,2022-04-28 00:00:00,REGULAR
CUST-00289,David Garcia,david.garcia289@store.net,2023-04-17 00:00:00,PREMIUM
CUST-00290,Barbara Williams,barbara.williams290@example.com,2022-04-19 00:00:00,REGULAR
CUST-00291,Charles Gonzalez,charles.gonzalez291@store.net,2022-03-22 00:00:00,REGULAR
CUST-00292,Elizabeth Hernandez,elizabeth.hernandez292@yahoo.com,2022-12-08 00:00:00,PREMIUM
CUST-00293,John Taylor,john.taylor293@gmail.com,2023-06-28 00:00:00,REGULAR
CUST-00294,Barbara Lopez,barbara.lopez294@yahoo.com,2022-08-30 00:00:00,REGULAR
CUST-00295,William Miller,william.miller295@yahoo.com,2023-09-09 00:00:00,REGULAR
CUST-00296,John Garcia,john.garcia296@example.com,2023-04-21 00:00:00,PREMIUM
CUST-00297,Charles Anderson,charles.anderson297@store.net,2023-10-21 00:00:00,REGULAR
CUST-00298,Karen Hernandez,karen.hernandez298@outlook.com,2022-06-04 00:00:00,REGULAR
CUST-00299,Jessica Anderson,jessica.anderson299@outlook.com,2022-10-09 00:00:00,REGULAR
CUST-00300,Barbara Taylor,barbara.taylor300@gmail.com,2022-11-14 00:00:00,REGULAR
CUST-00301,Mary Johnson,mary.johnson301@outlook.com,2022-10-21 00:00:00,REGULAR
CUST-00302,John Martin,john.martin302@store.net,2023-06-04 00:00:00,REGULAR
CUST-00303,Charles Moore,charles.moore303@gmail.com,2023-04-06 00:00:00,VIP
CUST-00304,Charles Miller,charles.miller304@outlook.com,2023-09-12 00:00:00,REGULAR
CUST-00305,Robert Johnson,robert.johnson305@example.com,2022-04-16 00:00:00,PREMIUM
CUST-00306,David Williams,david.williams306@store.net,2023-10-24 00:00:00,REGULAR
CUST-00307,Linda Anderson,linda.anderson307@example.com,2023-06-21 00:00:00,REGULAR
CUST-00308,Jennifer Lopez,jennifer.lopez308@outlook.com,2022-10-17 00:00:00,REGULAR
CUST-00309,David Martin,david.martin309@gmail.com,2023-10-09 00:00:00,REGULAR
CUST-00310,John Hernandez,john.hernandez310@gmail.com,2023-07-26 00:00:00,REGULAR
CUST-00311,Elizabeth Rodriguez,elizabeth.rodriguez311@store.net,2022-06-03 00:00:00,REGULAR
CUST-00312,Charles Jones,charles.jones312@outlook.com,2022-11-14 00:00:00,VIP
CUST-00313,Richard Jones,richard.jones313@store.net,2022-03-28 00:00:00,REGULAR
CUST-00314,Richard Hernandez,richard.hernandez314@yahoo.com,2023-11-18 00:00:00,PREMIUM
CUST-00315,Thomas Williams,thomas.williams315@example.com,2023-06-05 00:00:00,REGULAR
CUST-00316,Barbara Martinez,barbara.martinez316@yahoo.com,2022-08-08 00:00:00,REGULAR
CUST-00317,Jessica Miller,jessica.miller317@yahoo.com,2022-05-21 00:00:00,REGULAR
CUST-00318,Elizabeth Brown,elizabeth.brown318@store.net,2023-07-07 00:00:00,PREMIUM
CUST-00319,Thomas Johnson,thomas.johnson319@outlook.com,2023-09-25 00:00:00,REGULAR
CUST-00320,Richard Jones,richard.jones320@yahoo.com,2022-07-05 00:00:00,PREMIUM
CUST-00321,Karen Garcia,karen.garcia321@example.com,2022-02-14 00:00:00,REGULAR
CUST-00322,Linda Anderson,linda.anderson322@store.net,2022-10-19 00:00:00,PREMIUM
CUST-00323,Joseph Davis,joseph.davis323@store.net,2022-09-02 00:00:00,REGULAR
CUST-00324,Jessica Miller,jessica.miller324@outlook.com,2023-11-26 00:00:00,VIP
CUST-00325,Joseph Anderson,joseph.anderson325@outlook.com,2023-01-27 00:00:00,REGULAR
CUST-00326,Susan Garcia,susan.garcia326@yahoo.com,2023-09-12 00:00:00,REGULAR
CUST-00327,William Johnson,william.johnson327@example.com,2023-01-16 00:00:00,REGULAR
CUST-00328,Patricia Taylor,patricia.taylor328@gmail.com,2022-10-19 00:00:00,REGULAR
CUST-00329,Jennifer Rodriguez,jennifer.rodriguez329@example.com,2023-06-10 00:00:00,REGULAR
CUST-00330,Susan Williams,susan.williams330@yahoo.com,2023-04-07 00:00:00,PREMIUM
CUST-00331,James Wilson,james.wilson331@gmail.com,2023-02-10 00:00:00,REGULAR
CUST-00332,Linda Gonzalez,linda.gonzalez332@gmail.com,2023-01-19 00:00:00,REGULAR
CUST-00333,David Brown,david.brown333@outlook.com,2022-05-30 00:00:00,REGULAR
CUST-00334,Elizabeth Thomas,elizabeth.thomas334@yahoo.com,2023-04-26 00:00:00,REGULAR
CUST-00335,James Williams,james.williams335@gmail.com,2022-09-20 00:00:00,REGULAR
CUST-00336,Robert Moore,robert.moore336@store.net,2023-06-25 00:00:00,REGULAR
CUST-00337,Elizabeth Davis,elizabeth.davis337@outlook.com,2022-05-05 00:00:00,REGULAR
CUST-00338,Susan Martin,susan.martin338@example.com,2022-03-06 00:00:00,REGULAR
CUST-00339,Jessica Martin,jessica.martin339@store.net,2022-01-17 00:00:00,REGULAR
CUST-00340,Charles Davis,charles.davis340@yahoo.com,2022-10-26 00:00:00,REGULAR
CUST-00341,Karen Lopez,karen.lopez341@yahoo.com,2023-08-08 00:00:00,REGULAR
CUST-00342,John Taylor,john.taylor342@outlook.com,2022-03-11 00:00:00,VIP
CUST-00343,Sarah Taylor,sarah.taylor343@store.net,2023-07-22 00:00:00,REGULAR
CUST-00344,Jessica Johnson,jessica.johnson344@example.com,2023-01-18 00:00:00,REGULAR
CUST-00345,James Lopez,james.lopez345@gmail.com,2022-12-20 00:00:00,REGULAR
CUST-00346,Patricia Jackson,patricia.jackson346@outlook.com,2022-05-17 00:00:00,REGULAR
CUST-00347,Sarah Hernandez,sarah.hernandez347@yahoo.com,2023-04-21 00:00:00,VIP
CUST-00348,Jessica Garcia,jessica.garcia348@yahoo.com,2022-03-06 00:00:00,PREMIUM
CUST-00349,Joseph Johnson,joseph.johnson349@outlook.com,2022-07-26 00:00:00,REGULAR
CUST-00350,Michael Johnson,michael.johnson350@outlook.com,2022-11-14 00:00:00,REGULAR
CUST-00351,Sarah Thomas,sarah.thomas351@outlook.com,2022-02-07 00:00:00,PREMIUM
CUST-00352,Michael Martinez,michael.martinez352@outlook.com,2022-02-18 00:00:00,PREMIUM
CUST-00353,David Rodriguez,david.rodriguez353@gmail.com,2023-01-12 00:00:00,REGULAR
CUST-00354,Richard Anderson,richard.anderson354@example.com,2022-12-14 00:00:00,VIP
CUST-00355,Jessica Thomas,jessica.thomas355@outlook.com,2023-06-16 00:00:00,REGULAR
CUST-00356,John Wilson,john.wilson356@gmail.com,2023-03-17 00:00:00,REGULAR
CUST-00357,Jennifer Moore,jennifer.moore357@outlook.com,2022-11-25 00:00:00,REGULAR
CUST-00358,David Martinez,david.martinez358@outlook.com,2023-04-02 00:00:00,REGULAR
CUST-00359,Susan Garcia,susan.garcia359@example.com,2022-12-26 00:00:00,REGULAR
CUST-00360,Barbara Martin,barbara.martin360@example.com,2022-10-09 00:00:00,REGULAR
CUST-00361,Mary Williams,mary.williams361@example.com,2023-01-08 00:00:00,REGULAR
CUST-00362,Jennifer Smith,jennifer.smith362@yahoo.com,2023-09-15 00:00:00,REGULAR
CUST-00363,Joseph Johnson,joseph.johnson363@yahoo.com,2022-03-10 00:00:00,REGULAR
CUST-00364,Barbara Lopez,barbara.lopez364@example.com,2023-08-04 00:00:00,REGULAR
CUST-00365,Robert Anderson,robert.anderson365@outlook.com,2023-01-16 00:00:00,REGULAR
CUST-00366,John Jackson,john.jackson366@yahoo.com,2023-06-27 00:00:00,REGULAR
CUST-00367,David Rodriguez,david.rodriguez367@yahoo.com,2022-04-27 00:00:00,REGULAR
CUST-00368,Jennifer Thomas,jennifer.thomas368@store.net,2023-02-01 00:00:00,VIP
CUST-00369,Patricia Rodriguez,patricia.rodriguez369@outlook.com,2023-04-02 00:00:00,REGULAR
CUST-00370,Karen Martinez,karen.martinez370@example.com,2022-07-24 00:00:00,REGULAR
CUST-00371,John Anderson,john.anderson371@yahoo.com,2023-04-01 00:00:00,VIP
CUST-00372,David Lopez,david.lopez372@gmail.com,2023-07-18 00:00:00,REGULAR
CUST-00373,Elizabeth Garcia,elizabeth.garcia373@yahoo.com,2023-01-06 00:00:00,REGULAR
CUST-00374,Patricia Miller,patricia.miller374@yahoo.com,2022-08-31 00:00:00,PREMIUM
CUST-00375,James Lopez,james.lopez375@store.net,2023-08-10 00:00:00,REGULAR
CUST-00376,Sarah Jones,sarah.jones376@store.net,2022-03-30 00:00:00,REGULAR
CUST-00377,Richard Thomas,richard.thomas377@store.net,2023-02-25 00:00:00,PREMIUM
CUST-00378,Charles Williams,charles.williams378@yahoo.com,2022-11-21 00:00:00,REGULAR
CUST-00379,Joseph Anderson,joseph.anderson379@store.net,2022-12-19 00:00:00,REGULAR
CUST-00380,Sarah Jackson,sarah.jackson380@yahoo.com,2022-05-13 00:00:00,REGULAR
CUST-00381,Mary Brown,mary.brown381@store.net,2022-06-06 00:00:00,REGULAR
CUST-00382,Jennifer Hernandez,jennifer.hernandez382@yahoo.com,2022-12-21 00:00:00,VIP
CUST-00383,Thomas Martinez,thomas.martinez383@gmail.com,2022-09-14 00:00:00,REGULAR
CUST-00384,Sarah Rodriguez,sarah.rodriguez384@yahoo.com,2023-10-03 00:00:00,REGULAR
CUST-00385,Sarah Williams,sarah.williams385@store.net,2023-10-19 00:00:00,REGULAR
CUST-00386,Charles Jones,charles.jones386@yahoo.com,2023-11-06 00:00:00,REGULAR
CUST-00387,Karen Hernandez,karen.hernandez387@store.net,2022-02-12 00:00:00,PREMIUM
CUST-00388,James Williams,james.williams388@gmail.com,2023-10-19 00:00:00,PREMIUM
CUST-00389,William Miller,william.miller389@store.net,2023-03-03 00:00:00,REGULAR
CUST-00390,James Thomas,james.thomas390@store.net,2022-10-24 00:00:00,REGULAR
CUST-00391,Elizabeth Thomas,elizabeth.thomas391@yahoo.com,2023-02-20 00:00:00,REGULAR
CUST-00392,John Johnson,john.johnson392@yahoo.com,2023-03-27 00:00:00,REGULAR
CUST-00393,Joseph Miller,joseph.miller393@outlook.com,2023-09-14 00:00:00,REGULAR
CUST-00394,David Lopez,david.lopez394@example.com,2022-05-14 00:00:00,PREMIUM
CUST-00395,Thomas Moore,thomas.moore395@gmail.com,2022-11-23 00:00:00,REGULAR
CUST-00396,Patricia Rodriguez,patricia.rodriguez396@example.com,2022-09-11 00:00:00,REGULAR
CUST-00397,Mary Martinez,mary.martinez397@example.com,2023-09-23 00:00:00,REGULAR
CUST-00398,Jennifer Hernandez,jennifer.hernandez398@store.net,2022-11-17 00:00:00,REGULAR
CUST-00399,Jennifer Thomas,jennifer.thomas399@store.net,2023-04-24 00:00:00,REGULAR
CUST-00400,Elizabeth Thomas,elizabeth.thomas400@gmail.com,2022-04-03 00:00:00,VIP
CUST-00401,Thomas Anderson,thomas.anderson401@yahoo.com,2022-08-09 00:00:00,REGULAR
CUST-00402,Mary Johnson,mary.johnson402@outlook.com,2023-05-22 00:00:00,REGULAR
CUST-00403,Jessica Martinez,jessica.martinez403@store.net,2022-01-09 00:00:00,PREMIUM
CUST-00404,Susan Jones,susan.jones404@outlook.com,2023-01-10 00:00:00,PREMIUM
CUST-00405,Barbara Johnson,barbara.johnson405@example.com,2022-02-22 00:00:00,REGULAR
CUST-00406,Michael Lopez,michael.lopez406@store.net,2022-10-23 00:00:00,REGULAR
CUST-00407,Thomas Anderson,thomas.anderson407@store.net,2022-10-14 00:00:00,PREMIUM
CUST-00408,Karen Martin,karen.martin408@gmail.com,2022-05-12 00:00:00,VIP
CUST-00409,Richard Lopez,richard.lopez409@outlook.com,2023-07-26 00:00:00,VIP
CUST-00410,Robert Miller,robert.miller410@store.net,2023-06-06 00:00:00,REGULAR
CUST-00411,Mary Johnson,mary.johnson411@gmail.com,2022-05-21 00:00:00,PREMIUM
CUST-00412,Jessica Taylor,jessica.taylor412@example.com,2022-06-02 00:00:00,REGULAR
CUST-00413,Thomas Jones,thomas.jones413@outlook.com,2023-09-20 00:00:00,REGULAR
CUST-00414,Richard Martin,richard.martin414@outlook.com,2023-08-31 00:00:00,REGULAR
CUST-00415,Thomas Moore,thomas.moore415@example.com,2023-07-31 00:00:00,REGULAR
CUST-00416,James Lopez,james.lopez416@outlook.com,2023-11-21 00:00:00,REGULAR
CUST-00417,Susan Jackson,susan.jackson417@outlook.com,2023-10-07 00:00:00,REGULAR
CUST-00418,Jessica Rodriguez,jessica.rodriguez418@store.net,2023-08-15 00:00:00,REGULAR
CUST-00419,Mary Jackson,mary.jackson419@example.com,2022-06-24 00:00:00,REGULAR
CUST-00420,Karen Gonzalez,karen.gonzalez420@yahoo.com,2023-11-29 00:00:00,REGULAR
CUST-00421,Charles Brown,charles.brown421@yahoo.com,2022-01-20 00:00:00,REGULAR
CUST-00422,Susan Jones,susan.jones422@example.com,2022-07-28 00:00:00,REGULAR
CUST-00423,Karen Thomas,karen.thomas423@gmail.com,2022-05-22 00:00:00,REGULAR
CUST-00424,Sarah Hernandez,sarah.hernandez424@example.com,2023-06-23 00:00:00,REGULAR
CUST-00425,Jennifer Anderson,jennifer.anderson425@store.net,2022-12-17 00:00:00,REGULAR
CUST-00426,William Martin,william.martin426@example.com,2022-07-16 00:00:00,VIP
CUST-00427,William Moore,william.moore427@outlook.com,2022-08-19 00:00:00,VIP
CUST-00428,Elizabeth Martinez,elizabeth.martinez428@yahoo.com,2023-05-16 00:00:00,REGULAR
CUST-00429,Barbara Moore,barbara.moore429@outlook.com,2022-10-22 00:00:00,REGULAR
CUST-00430,Sarah Gonzalez,sarah.gonzalez430@example.com,2022-12-20 00:00:00,VIP
CUST-00431,Robert Martinez,robert.martinez431@gmail.com,2022-10-22 00:00:00,VIP
CUST-00432,John Lopez,john.lopez432@example.com,2023-11-03 00:00:00,REGULAR
CUST-00433,Jessica Miller,jessica.miller@domain_without_extension,2023-07-06 00:00:00,REGULAR
CUST-00434,Sarah Rodriguez,sarah.rodriguez434@yahoo.com,2022-04-22 00:00:00,REGULAR
CUST-00435,Charles Davis,charles.davis435@yahoo.com,2022-02-21 00:00:00,REGULAR
CUST-00436,Thomas Davis,thomas.davis436@yahoo.com,2022-02-23 00:00:00,REGULAR
CUST-00437,David Thomas,david.thomas437@gmail.com,2023-11-29 00:00:00,PREMIUM
CUST-00438,James Moore,james.moore438@yahoo.com,2023-02-21 00:00:00,REGULAR
CUST-00439,Jessica Thomas,jessica.thomas439@yahoo.com,2022-10-22 00:00:00,REGULAR
CUST-00440,Mary Williams,mary.williams440@store.net,2022-08-26 00:00:00,REGULAR
CUST-00441,Mary Garcia,mary.garcia441@example.com,2022-06-30 00:00:00,VIP
CUST-00442,Mary Gonzalez,mary.gonzalez442@example.com,2022-07-10 00:00:00,VIP
CUST-00443,Elizabeth Johnson,elizabeth.johnson443@gmail.com,2022-11-02 00:00:00,REGULAR
CUST-00444,Patricia Hernandez,patricia.hernandez444@outlook.com,2023-04-11 00:00:00,VIP
CUST-00445,Sarah Taylor,sarah.taylor445@example.com,2022-05-18 00:00:00,PREMIUM
CUST-00446,Joseph Rodriguez,joseph.rodriguez446@yahoo.com,2022-04-26 00:00:00,REGULAR
CUST-00447,Joseph Rodriguez,joseph.rodriguez447@yahoo.com,2022-01-15 00:00:00,PREMIUM
CUST-00448,Elizabeth Jackson,elizabeth.jackson448@yahoo.com,2022-06-29 00:00:00,REGULAR
CUST-00449,Richard Wilson,richard.wilson449@store.net,2022-12-02 00:00:00,REGULAR
CUST-00450,Patricia Garcia,patricia.garcia450@yahoo.com,2023-05-04 00:00:00,REGULAR
CUST-00451,Linda Smith,linda.smith451@outlook.com,2023-01-28 00:00:00,REGULAR
CUST-00452,William Hernandez,william.hernandez452@outlook.com,2023-08-20 00:00:00,PREMIUM
CUST-00453,James Rodriguez,james.rodriguez453@outlook.com,2022-08-30 00:00:00,REGULAR
CUST-00454,Patricia Anderson,patricia.anderson454@outlook.com,2022-06-13 00:00:00,REGULAR
CUST-00455,Thomas Martinez,thomas.martinez455@gmail.com,2023-10-17 00:00:00,VIP
CUST-00456,Elizabeth Lopez,elizabeth.lopez456@store.net,2022-08-15 00:00:00,REGULAR
CUST-00457,Robert Thomas,robert.thomas457@yahoo.com,2023-04-11 00:00:00,PREMIUM
CUST-00458,Karen Lopez,karen.lopez458@example.com,2023-07-17 00:00:00,VIP
CUST-00459,Sarah Miller,sarah.miller459@yahoo.com,2023-11-28 00:00:00,PREMIUM
CUST-00460,John Taylor,john.taylor460@example.com,2023-06-25 00:00:00,PREMIUM
CUST-00461,John Jackson,john.jackson461@gmail.com,2022-03-05 00:00:00,PREMIUM
CUST-00462,Thomas Miller,thomas.miller462@store.net,2023-07-04 00:00:00,REGULAR
CUST-00463,David Taylor,david.taylor463@example.com,2022-04-30 00:00:00,REGULAR
CUST-00464,Charles Thomas,charles.thomas464@gmail.com,2023-06-07 00:00:00,REGULAR
CUST-00465,Mary Anderson,mary.anderson465@yahoo.com,2023-06-10 00:00:00,REGULAR
CUST-00466,Charles Johnson,charles.johnson466@store.net,2023-04-19 00:00:00,REGULAR
CUST-00467,Elizabeth Smith,elizabeth.smith467@example.com,2022-09-18 00:00:00,PREMIUM
CUST-00468,Michael Jackson,michael.jackson468@gmail.com,2022-02-16 00:00:00,REGULAR
CUST-00469,John Moore,john.moore469@gmail.com,2022-03-12 00:00:00,VIP
CUST-00470,Jessica Johnson,jessica.johnson470@outlook.com,2023-02-23 00:00:00,REGULAR
CUST-00471,Robert Wilson,robert.wilson471@outlook.com,2023-01-27 00:00:00,REGULAR
CUST-00472,Richard Gonzalez,richard.gonzalez472@gmail.com,2023-12-01 00:00:00,VIP
CUST-00473,Sarah Jones,sarah.jones473@outlook.com,2022-05-02 00:00:00,REGULAR
CUST-00474,Sarah Gonzalez,sarah.gonzalez474@store.net,2022-05-11 00:00:00,PREMIUM
CUST-00475,Linda Smith,linda.smith475@gmail.com,2022-11-02 00:00:00,REGULAR
CUST-00476,Sarah Wilson,sarah.wilson476@store.net,2023-01-24 00:00:00,PREMIUM
CUST-00477,Linda Anderson,linda.anderson477@outlook.com,2022-06-08 00:00:00,REGULAR
CUST-00478,Patricia Johnson,patricia.johnson478@example.com,2023-09-22 00:00:00,PREMIUM
CUST-00479,James Davis,james.davis479@yahoo.com,2022-03-10 00:00:00,REGULAR
CUST-00480,Mary Anderson,mary.anderson480@store.net,2023-11-20 00:00:00,PREMIUM
CUST-00481,Mary Davis,mary.davis481@gmail.com,2023-02-16 00:00:00,REGULAR
CUST-00482,Sarah Miller,sarah.miller482@gmail.com,2022-05-24 00:00:00,REGULAR
CUST-00483,Elizabeth Davis,elizabeth.davis483@store.net,2022-11-23 00:00:00,REGULAR
CUST-00484,David Davis,david.davis484@outlook.com,2022-05-27 00:00:00,VIP
CUST-00485,Thomas Davis,thomas.davis485@example.com,2022-11-04 00:00:00,REGULAR
CUST-00486,Sarah Jackson,sarah.jackson486@yahoo.com,2023-10-04 00:00:00,REGULAR
CUST-00487,Sarah Thomas,sarah.thomas487@gmail.com,2022-12-19 00:00:00,VIP
CUST-00488,Richard Taylor,richard.taylor488@outlook.com,2023-03-03 00:00:00,REGULAR
CUST-00489,Elizabeth Gonzalez,elizabeth.gonzalez489@yahoo.com,2023-07-05 00:00:00,REGULAR
CUST-00490,Linda Martinez,linda.martinez490@yahoo.com,2023-04-20 00:00:00,VIP
CUST-00491,Sarah Wilson,sarah.wilson491@example.com,2023-07-25 00:00:00,REGULAR
CUST-00492,Richard Davis,richard.davis492@outlook.com,2022-07-28 00:00:00,REGULAR
CUST-00493,John Anderson,john.anderson493@outlook.com,2022-04-05 00:00:00,REGULAR
CUST-00494,Michael Johnson,michael.johnson494@outlook.com,2023-01-22 00:00:00,REGULAR
CUST-00495,Karen Johnson,karen.johnson495@gmail.com,2022-07-12 00:00:00,PREMIUM
CUST-00496,Charles Moore,charles.moore496@yahoo.com,2023-05-06 00:00:00,REGULAR
CUST-00497,David Martinez,david.martinez497@gmail.com,2022-08-05 00:00:00,VIP
CUST-00498,Patricia Thomas,patricia.thomas498@yahoo.com,2023-09-11 00:00:00,PREMIUM
CUST-00499,Richard Davis,richard.davis499@store.net,2022-11-26 00:00:00,PREMIUM
CUST-00500,Richard Anderson,richard.anderson500@store.net,2023-10-27 00:00:00,REGULAR
CUST-00501,William Lopez,william.lopez501@store.net,2023-05-25 00:00:00,REGULAR
CUST-00502,Jessica Hernandez,jessica.hernandez502@yahoo.com,2023-01-15 00:00:00,REGULAR
CUST-00503,Mary Jackson,mary.jackson503@yahoo.com,2022-05-30 00:00:00,REGULAR
CUST-00504,Sarah Jackson,sarah.jackson504@store.net,2023-03-04 00:00:00,REGULAR
CUST-00505,Michael Hernandez,michael.hernandez505@yahoo.com,2023-01-24 00:00:00,REGULAR
CUST-00506,Linda Thomas,linda.thomas506@store.net,2023-11-02 00:00:00,VIP
CUST-00507,David Rodriguez,david.rodriguez507@example.com,2023-10-20 00:00:00,PREMIUM
CUST-00508,Joseph Garcia,joseph.garcia508@outlook.com,2022-06-23 00:00:00,REGULAR
CUST-00509,Sarah Thomas,sarah.thomas509@yahoo.com,2023-07-10 00:00:00,VIP
CUST-00510,Mary Taylor,mary.taylor510@gmail.com,2022-03-18 00:00:00,VIP
CUST-00511,Mary Smith,mary.smith511@example.com,2022-05-21 00:00:00,PREMIUM
CUST-00512,Linda Williams,linda.williams512@yahoo.com,2022-01-10 00:00:00,REGULAR
CUST-00513,Joseph Lopez,joseph.lopez513@gmail.com,2023-09-25 00:00:00,REGULAR
CUST-00514,Karen Thomas,karen.thomas514@example.com,2022-01-17 00:00:00,REGULAR
CUST-00515,Sarah Wilson,sarah.wilson515@gmail.com,2022-01-18 00:00:00,REGULAR
CUST-00516,William Moore,william.moore516@outlook.com,2022-01-18 00:00:00,REGULAR
CUST-00517,Susan Garcia,susan.garcia517@gmail.com,2022-04-09 00:00:00,REGULAR
CUST-00518,Linda Miller,linda.miller518@store.net,2023-06-24 00:00:00,REGULAR
CUST-00519,Barbara Rodriguez,barbara.rodriguez519@example.com,2022-03-22 00:00:00,REGULAR
CUST-00520,Richard Anderson,richard.anderson520@store.net,2022-09-07 00:00:00,VIP
CUST-00521,Linda Martinez,linda.martinez521@gmail.com,2023-11-01 00:00:00,VIP
CUST-00522,Mary Williams,mary.williams522@example.com,2023-01-24 00:00:00,REGULAR
CUST-00523,Jessica Johnson,jessica.johnson523@gmail.com,2022-06-25 00:00:00,REGULAR
CUST-00524,Susan Hernandez,susan.hernandez524@store.net,2022-04-08 00:00:00,PREMIUM
CUST-00525,Mary Davis,mary.davis525@yahoo.com,2023-08-04 00:00:00,REGULAR
CUST-00526,Mary Williams,mary.williams526@outlook.com,2023-07-11 00:00:00,REGULAR
CUST-00527,Mary Garcia,mary.garcia527@outlook.com,2022-01-17 00:00:00,VIP
CUST-00528,Charles Jones,charles.jones528@example.com,2022-03-20 00:00:00,REGULAR
CUST-00529,Charles Davis,charles.davis529@store.net,2023-02-03 00:00:00,REGULAR
CUST-00530,Sarah Hernandez,sarah.hernandez530@example.com,2022-05-24 00:00:00,PREMIUM
CUST-00531,John Taylor,john.taylor531@outlook.com,2022-02-24 00:00:00,REGULAR
CUST-00532,Linda Williams,linda.williams532@outlook.com,2023-09-12 00:00:00,PREMIUM
CUST-00533,Karen Gonzalez,karen.gonzalez533@outlook.com,2022-01-31 00:00:00,REGULAR
CUST-00534,Joseph Thomas,joseph.thomas534@yahoo.com,2022-12-31 00:00:00,REGULAR
CUST-00535,Richard Wilson,richard.wilson535@yahoo.com,2023-11-28 00:00:00,REGULAR
CUST-00536,Richard Williams,richard.williams536@store.net,2022-10-30 00:00:00,PREMIUM
CUST-00537,John Williams,john.williams537@outlook.com,2022-06-07 00:00:00,REGULAR
CUST-00538,Robert Gonzalez,robert.gonzalez538@outlook.com,2023-01-05 00:00:00,REGULAR
CUST-00539,James Martinez,james.martinez539@example.com,2023-01-04 00:00:00,PREMIUM
CUST-00540,Patricia Jones,patricia.jones540@gmail.com,2022-07-11 00:00:00,REGULAR
CUST-00541,Sarah Moore,sarah.moore541@store.net,2023-02-22 00:00:00,REGULAR
CUST-00542,John Lopez,john.lopez542@store.net,2022-04-06 00:00:00,REGULAR
CUST-00543,David Gonzalez,david.gonzalez543@gmail.com,2022-10-26 00:00:00,REGULAR
CUST-00544,John Moore,john.moore544@yahoo.com,2023-08-09 00:00:00,REGULAR
CUST-00545,Richard Garcia,richard.garcia545@yahoo.com,2022-10-03 00:00:00,REGULAR
CUST-00546,Jessica Jones,jessica.jones546@gmail.com,2022-06-21 00:00:00,REGULAR
CUST-00547,Susan Martinez,susan.martinez547@example.com,2022-03-20 00:00:00,REGULAR
CUST-00548,Linda Thomas,linda.thomas548@store.net,2023-09-24 00:00:00,REGULAR
CUST-00549,Patricia Jones,patricia.jones549@outlook.com,2022-01-07 00:00:00,VIP
CUST-00550,David Martin,david.martin550@example.com,2022-12-04 00:00:00,REGULAR
CUST-00551,Susan Martin,susan.martin551@yahoo.com,2022-11-04 00:00:00,REGULAR
CUST-00552,Michael Thomas,michael.thomas552@outlook.com,2022-07-01 00:00:00,VIP
CUST-00553,David Martinez,david.martinez553@example.com,2023-08-13 00:00:00,PREMIUM
CUST-00554,David Gonzalez,david.gonzalez554@outlook.com,2023-02-07 00:00:00,REGULAR
CUST-00555,Charles Miller,charles.miller555@store.net,2023-07-13 00:00:00,REGULAR
CUST-00556,Sarah Smith,sarah.smith556@example.com,2022-08-03 00:00:00,REGULAR
CUST-00557,Elizabeth Williams,elizabeth.williams557@example.com,2023-11-21 00:00:00,REGULAR
CUST-00558,Elizabeth Davis,elizabeth.davis558@outlook.com,2023-11-06 00:00:00,REGULAR
CUST-00559,Susan Gonzalez,susangonzalezatgmail.com,2023-04-05 00:00:00,VIP
CUST-00560,Jessica Jackson,jessica.jackson560@example.com,2023-07-02 00:00:00,REGULAR
CUST-00561,Susan Moore,susan.moore561@gmail.com,2023-01-04 00:00:00,PREMIUM
CUST-00562,Sarah Martin,sarah.martin562@gmail.com,2022-04-22 00:00:00,PREMIUM
CUST-00563,Barbara Garcia,barbara.garcia563@store.net,2022-02-15 00:00:00,REGULAR
CUST-00564,Richard Hernandez,richard.hernandez564@example.com,2022-04-19 00:00:00,REGULAR
CUST-00565,William Davis,william.davis565@store.net,2023-06-16 00:00:00,REGULAR
CUST-00566,Charles Davis,charles.davis566@example.com,2023-01-19 00:00:00,REGULAR
CUST-00567,Charles Taylor,charles.taylor567@yahoo.com,2022-12-20 00:00:00,VIP
CUST-00568,Jessica Brown,jessica.brown568@outlook.com,2023-03-02 00:00:00,VIP
CUST-00569,John Brown,john.brown569@yahoo.com,2022-12-23 00:00:00,REGULAR
CUST-00570,Joseph Miller,joseph.miller570@store.net,2023-05-10 00:00:00,REGULAR
CUST-00571,Patricia Anderson,patricia.anderson571@example.com,2022-11-23 00:00:00,REGULAR
CUST-00572,Mary Brown,mary.brown572@gmail.com,2022-12-18 00:00:00,REGULAR
CUST-00573,Jennifer Davis,jennifer.davis573@store.net,2022-06-28 00:00:00,REGULAR
CUST-00574,David Moore,david.moore574@example.com,2023-04-19 00:00:00,REGULAR
CUST-00575,Richard Garcia,richard.garcia575@yahoo.com,2023-10-18 00:00:00,REGULAR
CUST-00576,Richard Smith,richard.smith576@store.net,2022-07-22 00:00:00,REGULAR
CUST-00577,Susan Gonzalez,susan.gonzalez577@gmail.com,2022-08-08 00:00:00,REGULAR
CUST-00578,John Jackson,john.jackson578@gmail.com,2023-07-04 00:00:00,REGULAR
CUST-00579,David Miller,david.miller579@example.com,2022-04-27 00:00:00,REGULAR
CUST-00580,Jessica Taylor,jessica.taylor580@outlook.com,2023-09-04 00:00:00,REGULAR
CUST-00581,Richard Jackson,richard.jackson581@gmail.com,2022-12-23 00:00:00,REGULAR
CUST-00582,Joseph Martin,joseph.martin582@yahoo.com,2023-11-21 00:00:00,PREMIUM
CUST-00583,Elizabeth Martin,elizabeth.martin583@store.net,2022-03-28 00:00:00,REGULAR
CUST-00584,David Brown,david.brown584@yahoo.com,2022-11-09 00:00:00,REGULAR
CUST-00585,Barbara Jones,barbara.jones585@store.net,2023-02-02 00:00:00,REGULAR
CUST-00586,Robert Jackson,robert.jackson586@example.com,2023-03-10 00:00:00,REGULAR
CUST-00587,Sarah Garcia,sarah.garcia587@store.net,2022-06-20 00:00:00,REGULAR
CUST-00588,Robert Garcia,robert.garcia588@outlook.com,2023-04-07 00:00:00,REGULAR
CUST-00589,Barbara Smith,barbara.smith589@example.com,2022-05-20 00:00:00,REGULAR
CUST-00590,Richard Moore,richard.moore590@store.net,2023-10-31 00:00:00,REGULAR
CUST-00591,Jessica Wilson,jessica.wilson591@example.com,2023-05-16 00:00:00,REGULAR
CUST-00592,Charles Smith,charles.smith592@yahoo.com,2022-10-27 00:00:00,REGULAR
CUST-00593,Linda Moore,linda.moore593@outlook.com,2022-06-22 00:00:00,PREMIUM
CUST-00594,Charles Thomas,charles.thomas594@store.net,2023-06-08 00:00:00,REGULAR
CUST-00595,Patricia Rodriguez,patricia.rodriguez595@store.net,2023-01-11 00:00:00,REGULAR
CUST-00596,Mary Anderson,mary.anderson596@store.net,2022-08-12 00:00:00,VIP
CUST-00597,Patricia Davis,patricia.davis597@outlook.com,2022-02-03 00:00:00,REGULAR
CUST-00598,Barbara Williams,barbara.williams598@example.com,2022-05-01 00:00:00,PREMIUM
CUST-00599,Linda Miller,linda.miller599@store.net,2022-12-26 00:00:00,PREMIUM
CUST-00600,Karen Wilson,karen.wilson600@yahoo.com,2023-09-23 00:00:00,REGULAR
CUST-00601,Michael Miller,michael.miller601@gmail.com,2023-08-07 00:00:00,REGULAR
CUST-00602,William Martin,william.martin602@store.net,2022-06-22 00:00:00,REGULAR
CUST-00603,Elizabeth Martinez,elizabeth.martinez603@store.net,2022-10-01 00:00:00,VIP
CUST-00604,Thomas Brown,thomas.brown604@yahoo.com,2023-02-26 00:00:00,VIP
CUST-00605,William Jones,william.jones@domain_without_extension,2022-09-13 00:00:00,REGULAR
CUST-00606,David Davis,david.davis606@example.com,2023-05-17 00:00:00,REGULAR
CUST-00607,William Wilson,william.wilson607@example.com,2023-04-08 00:00:00,REGULAR
CUST-00608,John Gonzalez,john.gonzalez608@store.net,2022-10-12 00:00:00,REGULAR
CUST-00609,Barbara Anderson,barbara.anderson609@example.com,2022-12-02 00:00:00,REGULAR
CUST-00610,John Anderson,john.anderson610@outlook.com,2022-03-06 00:00:00,PREMIUM
CUST-00611,Richard Miller,richard.miller611@example.com,2022-08-05 00:00:00,REGULAR
CUST-00612,David Martinez,david.martinez612@outlook.com,2023-07-15 00:00:00,REGULAR
CUST-00613,Charles Thomas,charles.thomas613@outlook.com,2023-11-30 00:00:00,PREMIUM
CUST-00614,Mary Brown,mary.brown614@example.com,2022-01-17 00:00:00,REGULAR
CUST-00615,Jennifer Anderson,jennifer.anderson615@example.com,2022-01-01 00:00:00,VIP
CUST-00616,Susan Miller,susan.miller616@yahoo.com,2023-10-28 00:00:00,REGULAR
CUST-00617,William Williams,william.williams617@outlook.com,2022-09-14 00:00:00,REGULAR
CUST-00618,Jennifer Johnson,jennifer.johnson618@example.com,2023-10-03 00:00:00,REGULAR
CUST-00619,Linda Wilson,linda.wilson619@gmail.com,2022-04-08 00:00:00,REGULAR
CUST-00620,Jessica Williams,jessica.williams620@yahoo.com,2023-08-31 00:00:00,REGULAR
CUST-00621,Joseph Smith,joseph.smith621@gmail.com,2022-12-18 00:00:00,PREMIUM
CUST-00622,Susan Jones,susan.jones622@example.com,2022-03-14 00:00:00,REGULAR
CUST-00623,John Brown,john.brown623@gmail.com,2022-11-17 00:00:00,REGULAR
CUST-00624,Elizabeth Jones,elizabeth.jones624@example.com,2022-05-17 00:00:00,REGULAR
CUST-00625,Robert Williams,robert.williams625@store.net,2023-07-31 00:00:00,REGULAR
CUST-00626,Jennifer Anderson,jennifer.anderson626@outlook.com,2022-08-07 00:00:00,REGULAR
CUST-00627,Robert Wilson,robert.wilson627@store.net,2023-03-30 00:00:00,PREMIUM
CUST-00628,John Brown,john.brown628@yahoo.com,2022-05-07 00:00:00,REGULAR
CUST-00629,Richard Lopez,richard.lopez629@example.com,2022-11-19 00:00:00,PREMIUM
CUST-00630,Linda Rodriguez,linda.rodriguez630@gmail.com,2022-09-12 00:00:00,REGULAR
CUST-00631,Karen Martin,karen.martin631@outlook.com,2022-01-28 00:00:00,PREMIUM
CUST-00632,Elizabeth Miller,elizabeth.miller632@store.net,2023-09-14 00:00:00,REGULAR
CUST-00633,Richard Martinez,richard.martinez633@gmail.com,2022-09-03 00:00:00,REGULAR
CUST-00634,Patricia Davis,patricia.davis634@example.com,2023-10-16 00:00:00,REGULAR
CUST-00635,Thomas Smith,thomas.smith635@outlook.com,2022-11-21 00:00:00,REGULAR
CUST-00636,Charles Wilson,charles.wilson636@outlook.com,2023-07-14 00:00:00,REGULAR
CUST-00637,Jessica Williams,jessica.williams637@gmail.com,2023-08-25 00:00:00,REGULAR
CUST-00638,William Miller,william.miller638@gmail.com,2022-03-03 00:00:00,VIP
CUST-00639,Richard Taylor,richard.taylor639@outlook.com,2023-10-06 00:00:00,PREMIUM
CUST-00640,Susan Wilson,susan.wilson640@example.com,2022-03-26 00:00:00,REGULAR
CUST-00641,Sarah Martin,sarah.martin641@yahoo.com,2022-10-12 00:00:00,REGULAR
CUST-00642,John Taylor,john.taylor642@yahoo.com,2022-06-09 00:00:00,REGULAR
CUST-00643,Richard Jackson,richard.jackson643@gmail.com,2022-11-14 00:00:00,REGULAR
CUST-00644,Linda Johnson,linda.johnson644@yahoo.com,2022-03-30 00:00:00,VIP
CUST-00645,Patricia Anderson,patricia.anderson645@store.net,2023-09-16 00:00:00,REGULAR
CUST-00646,Jennifer Brown,jennifer.brown646@gmail.com,2022-05-21 00:00:00,PREMIUM
CUST-00647,Jennifer Thomas,jennifer.thomas647@outlook.com,2023-06-20 00:00:00,REGULAR
CUST-00648,William Garcia,william.garcia648@outlook.com,2022-05-10 00:00:00,PREMIUM
CUST-00649,William Brown,william.brown649@gmail.com,2022-12-10 00:00:00,PREMIUM
CUST-00650,William Taylor,william.taylor650@gmail.com,2022-09-27 00:00:00,PREMIUM
CUST-00651,Charles Williams,charles.williams651@example.com,2023-04-12 00:00:00,REGULAR
CUST-00652,Mary Thomas,mary.thomas652@store.net,2022-06-20 00:00:00,REGULAR
CUST-00653,William Brown,william.brown653@store.net,2023-11-22 00:00:00,PREMIUM
CUST-00654,Linda Taylor,linda.taylor654@gmail.com,2022-02-15 00:00:00,PREMIUM
CUST-00655,James Davis,jamesdavisatgmail.com,2023-04-29 00:00:00,REGULAR
CUST-00656,Robert Garcia,robert.garcia656@gmail.com,2023-07-21 00:00:00,PREMIUM
CUST-00657,Susan Davis,susan.davis657@outlook.com,2022-09-12 00:00:00,REGULAR
CUST-00658,David Rodriguez,david.rodriguez658@gmail.com,2023-08-09 00:00:00,REGULAR
CUST-00659,Thomas Johnson,thomas.johnson659@yahoo.com,2022-08-17 00:00:00,PREMIUM
CUST-00660,Mary Gonzalez,mary.gonzalez660@gmail.com,2023-04-22 00:00:00,PREMIUM
CUST-00661,Elizabeth Hernandez,elizabeth.hernandez661@gmail.com,2023-07-21 00:00:00,REGULAR
CUST-00662,Barbara Miller,barbara.miller662@outlook.com,2023-08-01 00:00:00,PREMIUM
CUST-00663,Karen Davis,karen.davis663@example.com,2023-01-13 00:00:00,REGULAR
CUST-00664,Jessica Miller,jessica.miller664@store.net,2022-09-09 00:00:00,REGULAR
CUST-00665,Susan Smith,susan.smith665@yahoo.com,2023-07-09 00:00:00,REGULAR
CUST-00666,James Hernandez,james.hernandez666@gmail.com,2023-11-05 00:00:00,REGULAR
CUST-00667,Elizabeth Brown,elizabeth.brown667@yahoo.com,2023-06-27 00:00:00,VIP
CUST-00668,Susan Thomas,susan.thomas668@gmail.com,2022-05-26 00:00:00,PREMIUM
CUST-00669,John Johnson,john.johnson669@yahoo.com,2023-06-17 00:00:00,REGULAR
CUST-00670,Barbara Anderson,barbara.anderson670@gmail.com,2023-08-18 00:00:00,REGULAR
CUST-00671,Robert Gonzalez,robert.gonzalez671@gmail.com,2023-08-30 00:00:00,REGULAR
CUST-00672,Susan Jones,susan.jones672@yahoo.com,2022-10-26 00:00:00,REGULAR
CUST-00673,David Gonzalez,david.gonzalez673@outlook.com,2022-11-22 00:00:00,REGULAR
CUST-00674,Linda Williams,linda.williams674@yahoo.com,2022-05-20 00:00:00,PREMIUM
CUST-00675,Charles Brown,charles.brown675@yahoo.com,2022-04-19 00:00:00,REGULAR
CUST-00676,Joseph Hernandez,joseph.hernandez676@example.com,2022-05-04 00:00:00,REGULAR
CUST-00677,Michael Anderson,michael.anderson677@outlook.com,2023-04-20 00:00:00,REGULAR
CUST-00678,Patricia Williams,patricia.williams678@yahoo.com,2022-11-08 00:00:00,PREMIUM
CUST-00679,Karen Johnson,karen.johnson679@yahoo.com,2022-12-02 00:00:00,REGULAR
CUST-00680,Linda Lopez,linda.lopez680@example.com,2023-06-10 00:00:00,REGULAR
CUST-00681,Elizabeth Rodriguez,elizabeth.rodriguez681@yahoo.com,2022-02-01 00:00:00,VIP
CUST-00682,Joseph Moore,joseph.moore682@store.net,2022-09-13 00:00:00,REGULAR
CUST-00683,Patricia Jones,patricia.jones683@gmail.com,2022-01-13 00:00:00,REGULAR
CUST-00684,Linda Jones,linda.jones684@yahoo.com,2023-02-15 00:00:00,REGULAR
CUST-00685,John Jackson,john.jackson685@store.net,2022-09-23 00:00:00,VIP
CUST-00686,John Smith,john.smith686@gmail.com,2022-07-22 00:00:00,VIP
CUST-00687,Joseph Jones,joseph.jones687@gmail.com,2022-12-06 00:00:00,REGULAR
CUST-00688,Joseph Johnson,joseph.johnson688@yahoo.com,2023-08-11 00:00:00,REGULAR
CUST-00689,Richard Thomas,richard.thomas689@gmail.com,2023-01-27 00:00:00,REGULAR
CUST-00690,Jennifer Lopez,jennifer.lopez690@yahoo.com,2022-07-11 00:00:00,REGULAR
CUST-00691,Joseph Jones,joseph.jones691@gmail.com,2023-09-21 00:00:00,REGULAR
CUST-00692,Linda Martinez,linda.martinez692@example.com,2023-02-26 00:00:00,PREMIUM
CUST-00693,Jessica Johnson,jessicajohnsonatgmail.com,2022-10-14 00:00:00,REGULAR
CUST-00694,Susan Miller,susan.miller694@store.net,2022-09-13 00:00:00,REGULAR
CUST-00695,Sarah Smith,sarah.smith695@example.com,2023-01-03 00:00:00,REGULAR
CUST-00696,Jessica Lopez,jessica.lopez696@store.net,2023-05-30 00:00:00,REGULAR
CUST-00697,William Garcia,william.garcia697@gmail.com,2022-11-23 00:00:00,REGULAR
CUST-00698,James Rodriguez,james.rodriguez698@gmail.com,2023-04-29 00:00:00,REGULAR
CUST-00699,Charles Davis,charles.davis699@yahoo.com,2022-04-13 00:00:00,REGULAR
CUST-00700,Linda Rodriguez,linda.rodriguez700@store.net,2022-02-27 00:00:00,PREMIUM
CUST-00701,Linda Jackson,linda.jackson701@example.com,2022-12-30 00:00:00,VIP
CUST-00702,Jennifer Garcia,jennifer.garcia702@yahoo.com,2023-08-30 00:00:00,REGULAR
CUST-00703,Barbara Jackson,barbara.jackson703@gmail.com,2022-12-27 00:00:00,VIP
CUST-00704,Charles Jones,charles.jones704@store.net,2022-07-12 00:00:00,PREMIUM
CUST-00705,Jessica Moore,jessica.moore705@outlook.com,2022-06-29 00:00:00,REGULAR
CUST-00706,John Johnson,john.johnson706@yahoo.com,2023-09-09 00:00:00,REGULAR
CUST-00707,Thomas Thomas,thomas.thomas707@gmail.com,2022-12-06 00:00:00,VIP
CUST-00708,Michael Jones,michael.jones708@outlook.com,2022-07-01 00:00:00,VIP
CUST-00709,David Johnson,david.johnson709@gmail.com,2022-06-01 00:00:00,REGULAR
CUST-00710,Robert Brown,robert.brown710@store.net,2023-01-09 00:00:00,VIP
CUST-00711,Barbara Gonzalez,barbara.gonzalez711@store.net,2022-04-14 00:00:00,REGULAR
CUST-00712,David Jones,david.jones712@yahoo.com,2023-03-24 00:00:00,PREMIUM
CUST-00713,Jessica Hernandez,jessica.hernandez713@yahoo.com,2023-07-30 00:00:00,REGULAR
CUST-00714,Karen Lopez,karen.lopez714@yahoo.com,2023-11-13 00:00:00,REGULAR
CUST-00715,Jennifer Gonzalez,jennifer.gonzalez715@outlook.com,2022-10-29 00:00:00,REGULAR
CUST-00716,James Jackson,james.jackson716@example.com,2023-08-05 00:00:00,REGULAR
CUST-00717,Karen Hernandez,karen.hernandez717@store.net,2022-08-15 00:00:00,REGULAR
CUST-00718,Patricia Thomas,patricia.thomas718@yahoo.com,2022-12-06 00:00:00,PREMIUM
CUST-00719,Linda Lopez,linda.lopez719@outlook.com,2022-06-21 00:00:00,REGULAR
CUST-00720,John Hernandez,john.hernandez720@example.com,2022-01-12 00:00:00,REGULAR
CUST-00721,Linda Williams,linda.williams721@outlook.com,2022-09-20 00:00:00,PREMIUM
CUST-00722,James Johnson,james.johnson722@example.com,2023-03-25 00:00:00,PREMIUM
CUST-00723,Jennifer Wilson,jennifer.wilson723@example.com,2023-01-23 00:00:00,REGULAR
CUST-00724,Richard Brown,richard.brown724@example.com,2023-08-15 00:00:00,REGULAR
CUST-00725,Linda Garcia,linda.garcia725@example.com,2022-03-17 00:00:00,PREMIUM
CUST-00726,Mary Martinez,mary.martinez726@gmail.com,2022-11-23 00:00:00,REGULAR
CUST-00727,Patricia Williams,patricia.williams727@outlook.com,2022-06-24 00:00:00,PREMIUM
CUST-00728,Jennifer Williams,jennifer.williams728@store.net,2022-04-06 00:00:00,REGULAR
CUST-00729,Karen Thomas,karen.thomas729@gmail.com,2023-03-18 00:00:00,VIP
CUST-00730,Jennifer Martin,jennifer.martin730@example.com,2022-06-10 00:00:00,REGULAR
CUST-00731,David Miller,david.miller731@yahoo.com,2023-02-24 00:00:00,REGULAR
CUST-00732,Sarah Rodriguez,sarah.rodriguez732@outlook.com,2022-11-01 00:00:00,REGULAR
CUST-00733,Mary Gonzalez,mary.gonzalez733@store.net,2023-07-17 00:00:00,PREMIUM
CUST-00734,Robert Johnson,robert.johnson734@outlook.com,2022-01-04 00:00:00,REGULAR
CUST-00735,Elizabeth Martin,elizabeth.martin735@example.com,2022-07-24 00:00:00,REGULAR
CUST-00736,Michael Garcia,michael.garcia736@outlook.com,2022-03-25 00:00:00,REGULAR
CUST-00737,Patricia Martinez,patricia.martinez737@example.com,2023-04-28 00:00:00,REGULAR
CUST-00738,William Williams,william.williams738@store.net,2023-02-01 00:00:00,REGULAR
CUST-00739,Richard Lopez,richard.lopez739@yahoo.com,2023-04-02 00:00:00,REGULAR
CUST-00740,Joseph Anderson,joseph.anderson740@outlook.com,2022-08-20 00:00:00,PREMIUM
CUST-00741,Charles Johnson,charles.johnson741@yahoo.com,2023-11-15 00:00:00,REGULAR
CUST-00742,Barbara Moore,barbara.moore742@example.com,2023-08-27 00:00:00,REGULAR
CUST-00743,Mary Gonzalez,mary.gonzalez743@store.net,2023-03-05 00:00:00,VIP
CUST-00744,Jessica Jackson,jessica.jackson744@yahoo.com,2023-05-03 00:00:00,REGULAR
CUST-00745,Richard Johnson,richard.johnson745@store.net,2023-08-08 00:00:00,VIP
CUST-00746,Charles Martin,charles.martin746@yahoo.com,2022-05-04 00:00:00,VIP
CUST-00747,Joseph Garcia,joseph.garcia747@yahoo.com,2022-08-05 00:00:00,PREMIUM
CUST-00748,Robert Johnson,robert.johnson748@example.com,2022-03-22 00:00:00,VIP
CUST-00749,Susan Miller,susan.miller749@yahoo.com,2023-09-02 00:00:00,REGULAR
CUST-00750,John Williams,john.williams750@example.com,2023-07-24 00:00:00,REGULAR
CUST-00751,David Rodriguez,david.rodriguez751@store.net,2023-04-15 00:00:00,VIP
CUST-00752,James Martin,james.martin752@store.net,2023-06-20 00:00:00,PREMIUM
CUST-00753,Patricia Wilson,patricia.wilson753@yahoo.com,2022-06-01 00:00:00,REGULAR
CUST-00754,Charles Brown,charles.brown754@gmail.com,2023-07-31 00:00:00,PREMIUM
CUST-00755,Elizabeth Moore,elizabethmoore#example.com,2023-02-25 00:00:00,REGULAR
CUST-00756,Jessica Jackson,jessica.jackson756@store.net,2023-04-30 00:00:00,REGULAR
CUST-00757,William Gonzalez,william.gonzalez757@yahoo.com,2023-09-26 00:00:00,REGULAR
CUST-00758,Richard Johnson,richard.johnson758@example.com,2022-12-06 00:00:00,REGULAR
CUST-00759,Mary Thomas,marythomas#example.com,2023-01-17 00:00:00,REGULAR
CUST-00760,Elizabeth Martinez,elizabethmartinez#example.com,2023-05-19 00:00:00,PREMIUM
CUST-00761,Patricia Davis,patricia.davis761@yahoo.com,2022-11-04 00:00:00,VIP
CUST-00762,Joseph Hernandez,joseph.hernandez762@outlook.com,2023-03-03 00:00:00,REGULAR
CUST-00763,John Miller,john.miller763@example.com,2022-08-05 00:00:00,VIP
CUST-00764,Susan Thomas,susan.thomas764@store.net,2023-01-18 00:00:00,PREMIUM
CUST-00765,Thomas Garcia,thomas.garcia765@gmail.com,2022-11-15 00:00:00,PREMIUM
CUST-00766,Richard Jones,richard.jones766@store.net,2023-08-06 00:00:00,REGULAR
CUST-00767,Michael Miller,michael.miller767@gmail.com,2022-09-13 00:00:00,REGULAR
CUST-00768,Mary Lopez,mary.lopez768@yahoo.com,2022-10-08 00:00:00,REGULAR
CUST-00769,Joseph Taylor,joseph.taylor769@example.com,2023-10-13 00:00:00,VIP
CUST-00770,James Davis,james.davis770@outlook.com,2023-05-16 00:00:00,REGULAR
CUST-00771,Jennifer Thomas,jennifer.thomas771@store.net,2023-07-19 00:00:00,REGULAR
CUST-00772,Jennifer Rodriguez,jennifer.rodriguez772@gmail.com,2022-10-19 00:00:00,REGULAR
CUST-00773,Mary Garcia,mary.garcia773@store.net,2022-08-08 00:00:00,PREMIUM
CUST-00774,Linda Miller,linda.miller774@outlook.com,2023-10-30 00:00:00,REGULAR
CUST-00775,James Smith,james.smith775@example.com,2022-05-16 00:00:00,REGULAR
CUST-00776,Karen Smith,karen.smith776@yahoo.com,2022-09-16 00:00:00,REGULAR
CUST-00777,Elizabeth Rodriguez,elizabeth.rodriguez777@example.com,2023-01-21 00:00:00,PREMIUM
CUST-00778,Joseph Rodriguez,joseph.rodriguez778@yahoo.com,2023-04-23 00:00:00,REGULAR
CUST-00779,Thomas Martin,thomas.martin779@example.com,2023-08-22 00:00:00,REGULAR
CUST-00780,Thomas Lopez,thomas.lopez780@store.net,2023-10-25 00:00:00,REGULAR
CUST-00781,Elizabeth Martinez,elizabeth.martinez781@gmail.com,2023-05-09 00:00:00,REGULAR
CUST-00782,William Hernandez,william.hernandez782@outlook.com,2022-09-25 00:00:00,REGULAR
CUST-00783,Elizabeth Miller,elizabeth.miller783@yahoo.com,2023-06-14 00:00:00,PREMIUM
CUST-00784,Mary Martin,mary.martin784@example.com,2023-11-08 00:00:00,REGULAR
CUST-00785,Robert Smith,robert.smith785@example.com,2022-10-30 00:00:00,REGULAR
CUST-00786,Susan Gonzalez,susan.gonzalez786@example.com,2022-02-06 00:00:00,REGULAR
CUST-00787,Charles Miller,charles.miller787@outlook.com,2022-08-16 00:00:00,REGULAR
CUST-00788,Jessica Lopez,jessica.lopez788@store.net,2022-11-04 00:00:00,PREMIUM
CUST-00789,Sarah Garcia,sarah.garcia789@outlook.com,2022-04-10 00:00:00,REGULAR
CUST-00790,William Moore,william.moore790@yahoo.com,2023-11-28 00:00:00,PREMIUM
CUST-00791,John Davis,john.davis791@outlook.com,2022-08-17 00:00:00,PREMIUM
CUST-00792,Elizabeth Wilson,elizabeth.wilson792@outlook.com,2023-01-16 00:00:00,REGULAR
CUST-00793,Elizabeth Anderson,elizabeth.anderson793@gmail.com,2023-04-27 00:00:00,REGULAR
CUST-00794,Charles Jackson,charles.jackson794@store.net,2022-03-14 00:00:00,REGULAR
CUST-00795,Michael Taylor,michael.taylor795@gmail.com,2023-11-29 00:00:00,REGULAR
CUST-00796,Elizabeth Wilson,elizabeth.wilson796@gmail.com,2022-06-04 00:00:00,REGULAR
CUST-00797,Michael Hernandez,michael.hernandez797@example.com,2023-08-07 00:00:00,PREMIUM
CUST-00798,Joseph Jones,joseph.jones798@outlook.com,2022-07-04 00:00:00,PREMIUM
CUST-00799,Jessica Hernandez,jessica.hernandez799@yahoo.com,2022-11-17 00:00:00,REGULAR
CUST-00800,James Anderson,james.anderson800@outlook.com,2022-08-03 00:00:00,PREMIUM
CUST-00801,Jennifer Jackson,jennifer.jackson801@yahoo.com,2023-05-17 00:00:00,PREMIUM
CUST-00802,John Jones,john.jones802@store.net,2023-03-21 00:00:00,REGULAR
CUST-00803,Richard Wilson,richard.wilson803@example.com,2023-01-28 00:00:00,REGULAR
CUST-00804,Sarah Miller,sarah.miller804@outlook.com,2022-01-15 00:00:00,PREMIUM
CUST-00805,Thomas Miller,thomas.miller805@gmail.com,2023-11-24 00:00:00,REGULAR
CUST-00806,Linda Davis,linda.davis806@outlook.com,2022-11-16 00:00:00,REGULAR
CUST-00807,Richard Taylor,richard.taylor807@store.net,2022-11-10 00:00:00,REGULAR
CUST-00808,Mary Martinez,mary.martinez808@outlook.com,2023-04-12 00:00:00,PREMIUM
CUST-00809,Karen Taylor,karen.taylor809@outlook.com,2023-03-21 00:00:00,PREMIUM
CUST-00810,Robert Hernandez,robert.hernandez810@example.com,2023-01-03 00:00:00,PREMIUM
CUST-00811,Jennifer Gonzalez,jennifer.gonzalez811@gmail.com,2022-08-22 00:00:00,REGULAR
CUST-00812,Robert Miller,robert.miller812@gmail.com,2023-08-27 00:00:00,REGULAR
CUST-00813,Patricia Lopez,patricia.lopez813@gmail.com,2023-01-20 00:00:00,PREMIUM
CUST-00814,William Moore,william.moore814@store.net,2022-02-19 00:00:00,REGULAR
CUST-00815,Mary Brown,mary.brown815@gmail.com,2022-02-19 00:00:00,REGULAR
CUST-00816,Susan Anderson,susan.anderson816@example.com,2022-05-07 00:00:00,REGULAR
CUST-00817,Jessica Jones,jessica.jones817@yahoo.com,2023-10-08 00:00:00,REGULAR
CUST-00818,Susan Brown,susan.brown818@store.net,2022-10-04 00:00:00,REGULAR
CUST-00819,Robert Wilson,robert.wilson819@gmail.com,2023-06-08 00:00:00,PREMIUM
CUST-00820,Patricia Martinez,patricia.martinez820@gmail.com,2022-04-19 00:00:00,REGULAR
CUST-00821,Karen Miller,karen.miller821@outlook.com,2023-06-20 00:00:00,VIP
CUST-00822,Barbara Wilson,barbara.wilson822@outlook.com,2022-06-14 00:00:00,REGULAR
CUST-00823,Jessica Miller,jessica.miller823@example.com,2022-12-05 00:00:00,REGULAR
CUST-00824,James Williams,james.williams824@gmail.com,2023-08-11 00:00:00,REGULAR
CUST-00825,Robert Williams,robert.williams825@store.net,2022-03-18 00:00:00,PREMIUM
CUST-00826,Patricia Rodriguez,patricia.rodriguez826@yahoo.com,2023-04-13 00:00:00,VIP
CUST-00827,Elizabeth Rodriguez,elizabeth.rodriguez827@example.com,2022-02-21 00:00:00,REGULAR
CUST-00828,Jennifer Johnson,jennifer.johnson828@outlook.com,2023-01-04 00:00:00,PREMIUM
CUST-00829,David Wilson,david.wilson829@gmail.com,2022-04-08 00:00:00,PREMIUM
CUST-00830,Mary Smith,mary.smith830@yahoo.com,2023-11-11 00:00:00,REGULAR
CUST-00831,David Lopez,david.lopez831@example.com,2023-09-29 00:00:00,REGULAR
CUST-00832,John Lopez,john.lopez832@outlook.com,2022-07-07 00:00:00,REGULAR
CUST-00833,Richard Anderson,richard.anderson833@outlook.com,2023-01-30 00:00:00,REGULAR
CUST-00834,Jessica Wilson,jessica.wilson834@yahoo.com,2022-04-26 00:00:00,REGULAR
CUST-00835,Mary Garcia,mary.garcia835@gmail.com,2023-03-03 00:00:00,VIP
CUST-00836,Jessica Jackson,jessica.jackson836@example.com,2022-07-05 00:00:00,REGULAR
CUST-00837,Barbara Martin,barbara.martin837@gmail.com,2023-12-02 00:00:00,PREMIUM
CUST-00838,Robert Thomas,robert.thomas838@example.com,2022-04-26 00:00:00,PREMIUM
CUST-00839,Joseph Johnson,joseph.johnson839@gmail.com,2022-09-25 00:00:00,REGULAR
CUST-00840,James Taylor,james.taylor840@store.net,2023-08-02 00:00:00,REGULAR
CUST-00841,David Taylor,david.taylor841@store.net,2023-09-26 00:00:00,REGULAR
CUST-00842,Linda Thomas,linda.thomas842@outlook.com,2023-11-11 00:00:00,REGULAR
CUST-00843,Richard Jones,richard.jones843@store.net,2023-09-20 00:00:00,REGULAR
CUST-00844,Jennifer Taylor,jennifer.taylor844@example.com,2023-05-23 00:00:00,PREMIUM
CUST-00845,John Thomas,john.thomas845@outlook.com,2022-09-04 00:00:00,REGULAR
CUST-00846,William Johnson,william.johnson846@store.net,2022-08-17 00:00:00,REGULAR
CUST-00847,Richard Gonzalez,richard.gonzalez847@yahoo.com,2022-03-22 00:00:00,REGULAR
CUST-00848,Charles Anderson,charles.anderson848@gmail.com,2023-05-26 00:00:00,REGULAR
CUST-00849,Patricia Thomas,patricia.thomas849@gmail.com,2022-04-16 00:00:00,REGULAR
CUST-00850,Mary Moore,mary.moore850@store.net,2022-01-01 00:00:00,PREMIUM
CUST-00851,Karen Martin,karen.martin851@outlook.com,2023-06-05 00:00:00,REGULAR
CUST-00852,Joseph Hernandez,joseph.hernandez852@outlook.com,2022-02-25 00:00:00,PREMIUM
CUST-00853,Joseph Hernandez,joseph.hernandez853@store.net,2023-09-27 00:00:00,REGULAR
CUST-00854,Barbara Anderson,barbara.anderson854@gmail.com,2022-04-10 00:00:00,PREMIUM
CUST-00855,Linda Smith,linda.smith855@outlook.com,2022-12-30 00:00:00,PREMIUM
CUST-00856,Elizabeth Moore,elizabeth.moore856@store.net,2023-01-18 00:00:00,PREMIUM
CUST-00857,Mary Garcia,mary.garcia857@example.com,2022-05-24 00:00:00,PREMIUM
CUST-00858,Susan Brown,susan.brown858@outlook.com,2023-09-18 00:00:00,REGULAR
CUST-00859,Patricia Gonzalez,patricia.gonzalez859@yahoo.com,2023-04-14 00:00:00,PREMIUM
CUST-00860,Michael Hernandez,michael.hernandez860@gmail.com,2023-03-01 00:00:00,REGULAR
CUST-00861,Charles Brown,charles.brown861@example.com,2023-04-14 00:00:00,REGULAR
CUST-00862,Thomas Jones,thomas.jones862@example.com,2022-01-05 00:00:00,REGULAR
CUST-00863,Mary Moore,mary.moore863@example.com,2023-08-23 00:00:00,REGULAR
CUST-00864,Thomas Garcia,thomas.garcia864@store.net,2022-06-27 00:00:00,PREMIUM
CUST-00865,Robert Brown,robert.brown865@example.com,2023-11-05 00:00:00,REGULAR
CUST-00866,David Taylor,david.taylor866@example.com,2023-03-05 00:00:00,VIP
CUST-00867,Linda Rodriguez,linda.rodriguez867@example.com,2022-12-18 00:00:00,VIP
CUST-00868,Joseph Jones,joseph.jones868@yahoo.com,2023-02-27 00:00:00,REGULAR
CUST-00869,Thomas Martinez,thomas.martinez869@store.net,2022-11-18 00:00:00,PREMIUM
CUST-00870,Sarah Miller,sarah.miller870@yahoo.com,2022-08-03 00:00:00,REGULAR
CUST-00871,Elizabeth Lopez,elizabeth.lopez871@yahoo.com,2023-10-28 00:00:00,VIP
CUST-00872,Jennifer Taylor,jennifer.taylor872@store.net,2023-10-15 00:00:00,REGULAR
CUST-00873,Patricia Lopez,patricia.lopez873@store.net,2023-05-07 00:00:00,REGULAR
CUST-00874,Susan Moore,susan.moore874@outlook.com,2023-03-09 00:00:00,PREMIUM
CUST-00875,Thomas Brown,thomas.brown875@gmail.com,2023-01-26 00:00:00,REGULAR
CUST-00876,Mary Miller,mary.miller876@outlook.com,2022-06-14 00:00:00,VIP
CUST-00877,William Jones,william.jones877@gmail.com,2022-10-30 00:00:00,REGULAR
CUST-00878,Sarah Johnson,sarah.johnson878@outlook.com,2023-04-09 00:00:00,REGULAR
CUST-00879,Sarah Davis,sarah.davis879@store.net,2023-02-03 00:00:00,REGULAR
CUST-00880,Elizabeth Johnson,elizabeth.johnson880@example.com,2023-02-01 00:00:00,REGULAR
CUST-00881,David Moore,david.moore881@gmail.com,2022-01-14 00:00:00,PREMIUM
CUST-00882,Michael Martin,michael.martin882@example.com,2022-08-19 00:00:00,VIP
CUST-00883,Barbara Jackson,barbara.jackson883@store.net,2023-09-10 00:00:00,REGULAR
CUST-00884,Michael Martinez,michael.martinez884@example.com,2022-07-01 00:00:00,VIP
CUST-00885,John Garcia,john.garcia885@yahoo.com,2023-06-11 00:00:00,REGULAR
CUST-00886,Mary Wilson,mary.wilson886@outlook.com,2023-07-24 00:00:00,REGULAR
CUST-00887,Jennifer Jackson,jennifer.jackson887@outlook.com,2022-01-06 00:00:00,REGULAR
CUST-00888,Robert Johnson,robert.johnson888@yahoo.com,2022-11-27 00:00:00,REGULAR
CUST-00889,Karen Martinez,karen.martinez889@example.com,2023-08-10 00:00:00,REGULAR
CUST-00890,John Hernandez,john.hernandez890@store.net,2022-08-14 00:00:00,VIP
CUST-00891,Thomas Williams,thomas.williams891@store.net,2022-06-13 00:00:00,REGULAR
CUST-00892,Sarah Gonzalez,sarah.gonzalez892@gmail.com,2022-12-24 00:00:00,REGULAR
CUST-00893,Michael Hernandez,michael.hernandez893@outlook.com,2023-01-05 00:00:00,REGULAR
CUST-00894,Karen Taylor,karen.taylor894@example.com,2023-07-29 00:00:00,PREMIUM
CUST-00895,James Brown,james.brown895@outlook.com,2023-04-02 00:00:00,REGULAR
CUST-00896,Karen Martin,karen.martin896@yahoo.com,2022-02-10 00:00:00,REGULAR
CUST-00897,David Gonzalez,david.gonzalez897@gmail.com,2023-01-31 00:00:00,REGULAR
CUST-00898,Elizabeth Smith,elizabeth.smith898@store.net,2023-01-19 00:00:00,REGULAR
CUST-00899,Thomas Anderson,thomas.anderson899@example.com,2022-02-14 00:00:00,REGULAR
CUST-00900,Michael Hernandez,michael.hernandez900@store.net,2022-03-26 00:00:00,VIP
CUST-00901,Jennifer Moore,jennifer.moore901@store.net,2022-01-08 00:00:00,REGULAR
CUST-00902,Michael Miller,michael.miller902@example.com,2022-04-17 00:00:00,REGULAR
CUST-00903,Susan Williams,susan.williams903@yahoo.com,2022-01-25 00:00:00,REGULAR
CUST-00904,David Johnson,david.johnson904@gmail.com,2022-03-17 00:00:00,REGULAR
CUST-00905,William Moore,william.moore905@gmail.com,2023-08-12 00:00:00,PREMIUM
CUST-00906,William Wilson,william.wilson906@example.com,2023-04-07 00:00:00,REGULAR
CUST-00907,Susan Hernandez,susan.hernandez907@gmail.com,2023-02-03 00:00:00,REGULAR
CUST-00908,Sarah Smith,sarah.smith908@store.net,2022-03-06 00:00:00,PREMIUM
CUST-00909,Charles Johnson,charles.johnson909@gmail.com,2023-01-02 00:00:00,VIP
CUST-00910,Patricia Martinez,patricia.martinez910@outlook.com,2023-09-14 00:00:00,REGULAR
CUST-00911,Joseph Gonzalez,joseph.gonzalez911@example.com,2023-11-08 00:00:00,REGULAR
CUST-00912,Jennifer Moore,jennifer.moore912@yahoo.com,2022-05-20 00:00:00,PREMIUM
CUST-00913,Sarah Martinez,sarah.martinez913@yahoo.com,2022-11-02 00:00:00,REGULAR
CUST-00914,Barbara Smith,barbara.smith@domain_without_extension,2022-05-07 00:00:00,REGULAR
CUST-00915,Charles Martin,charles.martin915@example.com,2023-07-05 00:00:00,REGULAR
CUST-00916,John Martinez,john.martinez916@yahoo.com,2022-12-19 00:00:00,REGULAR
CUST-00917,Thomas Jones,thomas.jones917@yahoo.com,2022-07-08 00:00:00,REGULAR
CUST-00918,William Miller,william.miller918@gmail.com,2022-07-05 00:00:00,REGULAR
CUST-00919,Charles Johnson,charles.johnson919@store.net,2023-04-18 00:00:00,REGULAR
CUST-00920,John Martinez,john.martinez920@gmail.com,2022-09-14 00:00:00,REGULAR
CUST-00921,Charles Thomas,charles.thomas921@outlook.com,2023-01-01 00:00:00,REGULAR
CUST-00922,Linda Brown,linda.brown922@outlook.com,2023-09-27 00:00:00,REGULAR
CUST-00923,Michael Hernandez,michael.hernandez923@example.com,2023-04-07 00:00:00,REGULAR
CUST-00924,Elizabeth Jackson,elizabeth.jackson924@yahoo.com,2023-08-03 00:00:00,REGULAR
CUST-00925,David Wilson,david.wilson925@yahoo.com,2022-01-05 00:00:00,REGULAR
CUST-00926,Linda Wilson,linda.wilson926@outlook.com,2023-01-04 00:00:00,REGULAR
CUST-00927,David Thomas,david.thomas927@example.com,2023-04-02 00:00:00,REGULAR
CUST-00928,Elizabeth Thomas,elizabeth.thomas928@store.net,2022-04-22 00:00:00,REGULAR
CUST-00929,Karen Williams,karen.williams929@outlook.com,2022-05-24 00:00:00,PREMIUM
CUST-00930,Michael Rodriguez,michael.rodriguez930@gmail.com,2022-03-19 00:00:00,PREMIUM
CUST-00931,Thomas Smith,thomas.smith931@store.net,2023-08-16 00:00:00,REGULAR
CUST-00932,Charles Miller,charles.miller932@gmail.com,2023-07-19 00:00:00,REGULAR
CUST-00933,Sarah Thomas,sarah.thomas933@yahoo.com,2023-01-10 00:00:00,REGULAR
CUST-00934,Charles Martinez,charles.martinez934@yahoo.com,2023-04-21 00:00:00,REGULAR
CUST-00935,John Gonzalez,john.gonzalez935@outlook.com,2023-05-30 00:00:00,REGULAR
CUST-00936,Linda Martin,linda.martin936@yahoo.com,2023-06-11 00:00:00,REGULAR
CUST-00937,Jennifer Garcia,jennifer.garcia937@store.net,2023-08-03 00:00:00,REGULAR
CUST-00938,Robert Thomas,robert.thomas938@outlook.com,2022-02-11 00:00:00,REGULAR
CUST-00939,Jessica Davis,jessica.davis939@gmail.com,2022-09-28 00:00:00,REGULAR
CUST-00940,Mary Miller,mary.miller940@store.net,2023-01-05 00:00:00,REGULAR
CUST-00941,Joseph Johnson,joseph.johnson941@gmail.com,2023-10-27 00:00:00,REGULAR
CUST-00942,Thomas Rodriguez,thomas.rodriguez942@outlook.com,2023-08-16 00:00:00,REGULAR
CUST-00943,Jennifer Gonzalez,jennifer.gonzalez943@example.com,2023-01-10 00:00:00,REGULAR
CUST-00944,John Taylor,john.taylor944@outlook.com,2023-01-21 00:00:00,VIP
CUST-00945,Linda Taylor,linda.taylor945@example.com,2022-12-28 00:00:00,PREMIUM
CUST-00946,Barbara Thomas,barbara.thomas946@example.com,2023-09-11 00:00:00,REGULAR
CUST-00947,Robert Anderson,robert.anderson947@yahoo.com,2022-08-24 00:00:00,REGULAR
CUST-00948,William Miller,william.miller948@yahoo.com,2022-07-11 00:00:00,REGULAR
CUST-00949,Karen Brown,karen.brown949@yahoo.com,2023-03-01 00:00:00,PREMIUM
CUST-00950,Patricia Thomas,patricia.thomas950@example.com,2023-05-06 00:00:00,REGULAR
CUST-00951,Jennifer Wilson,jennifer.wilson951@gmail.com,2022-09-07 00:00:00,REGULAR
CUST-00952,Charles Jackson,charles.jackson952@yahoo.com,2022-05-18 00:00:00,REGULAR
CUST-00953,Mary Jackson,mary.jackson953@yahoo.com,2022-02-27 00:00:00,REGULAR
CUST-00954,Jennifer Taylor,jennifer.taylor954@example.com,2023-09-06 00:00:00,VIP
CUST-00955,James Martinez,james.martinez955@gmail.com,2022-08-10 00:00:00,REGULAR
CUST-00956,Jessica Thomas,jessica.thomas956@yahoo.com,2022-08-13 00:00:00,PREMIUM
CUST-00957,Karen Jones,karen.jones957@store.net,2022-07-06 00:00:00,REGULAR
CUST-00958,Thomas Rodriguez,thomas.rodriguez958@yahoo.com,2022-12-17 00:00:00,VIP
CUST-00959,Karen Jackson,karen.jackson959@gmail.com,2022-08-24 00:00:00,REGULAR
CUST-00960,Robert Brown,robert.brown960@gmail.com,2022-07-27 00:00:00,REGULAR
CUST-00961,Thomas Wilson,thomas.wilson961@yahoo.com,2023-09-13 00:00:00,REGULAR
CUST-00962,Jessica Martin,jessica.martin962@store.net,2022-02-09 00:00:00,PREMIUM
CUST-00963,Sarah Taylor,sarah.taylor963@gmail.com,2022-04-06 00:00:00,REGULAR
CUST-00964,Robert Martin,robert.martin964@store.net,2022-01-02 00:00:00,PREMIUM
CUST-00965,Susan Taylor,susan.taylor965@example.com,2023-01-15 00:00:00,PREMIUM
CUST-00966,Thomas Wilson,thomas.wilson966@yahoo.com,2023-05-09 00:00:00,PREMIUM
CUST-00967,Richard Lopez,richard.lopez967@store.net,2023-08-13 00:00:00,REGULAR
CUST-00968,Robert Rodriguez,robert.rodriguez968@example.com,2022-08-27 00:00:00,VIP
CUST-00969,John Martinez,john.martinez969@store.net,2023-07-11 00:00:00,REGULAR
CUST-00970,Michael Smith,michael.smith970@gmail.com,2023-08-15 00:00:00,REGULAR
CUST-00971,Thomas Smith,thomas.smith971@example.com,2023-11-02 00:00:00,REGULAR
CUST-00972,David Wilson,david.wilson972@outlook.com,2022-04-20 00:00:00,REGULAR
CUST-00973,Charles Rodriguez,charles.rodriguez973@outlook.com,2023-07-03 00:00:00,REGULAR
CUST-00974,Barbara Martin,barbara.martin974@outlook.com,2023-11-28 00:00:00,REGULAR
CUST-00975,Michael Wilson,michael.wilson975@store.net,2023-07-25 00:00:00,REGULAR
CUST-00976,Barbara Moore,barbara.moore976@store.net,2023-05-11 00:00:00,REGULAR
CUST-00977,Elizabeth Jackson,elizabeth.jackson977@outlook.com,2023-02-12 00:00:00,PREMIUM
CUST-00978,Patricia Davis,patricia.davis978@example.com,2022-06-15 00:00:00,REGULAR
CUST-00979,Thomas Gonzalez,thomas.gonzalez979@outlook.com,2023-07-18 00:00:00,REGULAR
CUST-00980,Mary Garcia,mary.garcia980@example.com,2023-10-14 00:00:00,REGULAR
CUST-00981,John Jones,john.jones981@example.com,2023-09-07 00:00:00,REGULAR
CUST-00982,John Rodriguez,john.rodriguez982@yahoo.com,2023-01-15 00:00:00,REGULAR
CUST-00983,Mary Gonzalez,mary.gonzalez983@example.com,2023-09-21 00:00:00,REGULAR
CUST-00984,Elizabeth Martin,elizabeth.martin984@gmail.com,2022-06-29 00:00:00,REGULAR
CUST-00985,Joseph Smith,joseph.smith985@yahoo.com,2023-11-04 00:00:00,VIP
CUST-00986,Thomas Martinez,thomas.martinez986@yahoo.com,2022-02-04 00:00:00,PREMIUM
CUST-00987,Thomas Taylor,thomas.taylor987@yahoo.com,2023-09-22 00:00:00,REGULAR
CUST-00988,Mary Lopez,mary.lopez988@yahoo.com,2023-11-02 00:00:00,REGULAR
CUST-00989,Jennifer Williams,jennifer.williams989@outlook.com,2023-02-14 00:00:00,REGULAR
CUST-00990,Richard Gonzalez,richard.gonzalez990@store.net,2022-07-25 00:00:00,REGULAR
CUST-00991,John Williams,john.williams991@store.net,2022-10-19 00:00:00,PREMIUM
CUST-00992,Sarah Jackson,sarah.jackson992@outlook.com,2022-12-22 00:00:00,VIP
CUST-00993,William Davis,william.davis993@store.net,2022-07-19 00:00:00,REGULAR
CUST-00994,Richard Jackson,richard.jackson994@gmail.com,2022-09-25 00:00:00,REGULAR
CUST-00995,Thomas Brown,thomas.brown995@store.net,2022-03-16 00:00:00,REGULAR
CUST-00996,David Brown,david.brown996@store.net,2022-09-21 00:00:00,PREMIUM
CUST-00997,Charles Rodriguez,charles.rodriguez997@example.com,2023-01-22 00:00:00,REGULAR
CUST-00998,Linda Hernandez,linda.hernandez998@example.com,2023-11-29 00:00:00,REGULAR
CUST-00999,Charles Smith,charles.smith999@example.com,2022-04-30 00:00:00,REGULAR
CUST-01000,Richard Davis,richard.davis1000@yahoo.com,2022-11-20 00:00:00,REGULAR
