order_id,customer_id,order_date,status,region_code
ORD-000001,CUST-00326,2024-06-07 01:58:00,DELIVERED,APAC-EAST
ORD-000002,CUST-00152,2024-03-13 11:24:00,DELIVERED,EU-CENTRAL
ORD-000003,CUST-00354,2023-12-26 09:28:00,CANCELLED,US-EAST
ORD-000004,CUST-00221,2024-03-30 23:26:00,DELIVERED,EU-CENTRAL
ORD-000005,,2023-06-17 23:57:00,DELIVERED,APAC-EAST
ORD-000006,CUST-00143,2023-03-30 04:13:00,DELIVERED,LATAM-SOUTH
ORD-000007,CUST-00344,2023-03-09 18:48:00,DELIVERED,US-EAST
ORD-000008,CUST-00420,2023-10-07 13:11:00,DELIVERED,LATAM-SOUTH
ORD-000009,CUST-00774,2023-05-21 06:11:00,DELIVERED,EU-CENTRAL
ORD-000010,CUST-00568,2024-05-17 01:52:00,DELIVERED,LATAM-SOUTH
ORD-000011,CUST-00312,2024-05-20 17:47:00,DELIVERED,US-EAST
ORD-000012,CUST-00811,2023-01-03 04:16:00,DELIVERED,APAC-EAST
ORD-000013,CUST-00128,2023-10-22 13:11:00,DELIVERED,US-WEST
ORD-000014,CUST-00030,2023-05-03 08:31:00,RETURNED,US-EAST
ORD-000015,CUST-00614,2024-01-06 18:30:00,DELIVERED,EU-CENTRAL
ORD-000016,CUST-00644,2024-05-02 22:52:00,PLACED,LATAM-SOUTH
ORD-000017,CUST-00751,2023-01-18 08:10:00,DELIVERED,US-WEST
ORD-000018,CUST-00328,2024-04-17 22:08:00,DELIVERED,US-EAST
ORD-000019,CUST-00280,2024-01-05 13:40:00,CANCELLED,EU-CENTRAL
ORD-000020,CUST-00050,2023-10-24 09:33:00,DELIVERED,US-EAST
ORD-000021,CUST-00527,2023-07-18 20:11:00,DELIVERED,LATAM-SOUTH
ORD-000022,CUST-00771,2023-06-21 17:20:00,CANCELLED,EU-CENTRAL
ORD-000023,CUST-00278,2024-01-07 03:34:00,DELIVERED,US-WEST
ORD-000024,CUST-00014,21-05-2023,DELIVERED,APAC-EAST
ORD-000025,CUST-00422,2023-12-15 05:06:00,SHIPPED,LATAM-SOUTH
ORD-000026,,15-08-2023,CANCELLED,LATAM-SOUTH
ORD-000027,CUST-00707,2024-06-22 17:45:00,DELIVERED,US-EAST
ORD-000028,CUST-00428,2024-04-16 02:07:00,DELIVERED,US-EAST
ORD-000029,CUST-00492,2023-12-23 09:44:00,DELIVERED,APAC-EAST
ORD-000030,CUST-00912,2024-06-19 10:11:00,DELIVERED,US-EAST
ORD-000031,CUST-00763,2023-05-02 07:08:00,CANCELLED,US-WEST
ORD-000032,CUST-00705,2023-08-21 09:08:00,SHIPPED,US-EAST
ORD-000033,CUST-00436,2023-04-25 02:01:00,DELIVERED,APAC-EAST
ORD-000034,CUST-00044,2023-07-21 03:02:00,DELIVERED,LATAM-SOUTH
ORD-000035,CUST-00608,2023-03-02 15:07:00,CANCELLED,US-EAST
ORD-000036,,2023-03-09 09:42:00,PLACED,US-EAST
ORD-000037,CUST-00802,2023-05-07 19:13:00,DELIVERED,US-WEST
ORD-000038,CUST-00190,2023-12-26 00:05:00,PLACED,EU-CENTRAL
ORD-000039,CUST-00972,2023-12-23 11:10:00,CANCELLED,LATAM-SOUTH
ORD-000040,CUST-00248,2024-06-01 18:04:00,PLACED,LATAM-SOUTH
ORD-000041,CUST-00782,2023-01-15 16:13:00,DELIVERED,EU-CENTRAL
ORD-000042,CUST-00176,04-07-2024,PLACED,US-WEST
ORD-000043,CUST-00943,2024-05-31 22:30:00,DELIVERED,LATAM-SOUTH
ORD-000044,CUST-00190,2024-03-26 21:06:00,SHIPPED,EU-CENTRAL
ORD-000045,CUST-00389,2024-03-10 06:32:00,SHIPPED,US-EAST
ORD-000046,CUST-00780,2023-11-18 03:29:00,PLACED,US-WEST
ORD-000047,CUST-00508,2024-01-05 22:18:00,DELIVERED,US-EAST
ORD-000048,CUST-00085,2023-12-02 15:07:00,DELIVERED,APAC-EAST
ORD-000049,CUST-00615,2023-11-16 21:53:00,DELIVERED,LATAM-SOUTH
ORD-000050,CUST-00418,2023-10-25 13:12:00,CANCELLED,APAC-EAST
ORD-000051,CUST-00962,2024-01-12 05:00:00,RETURNED,APAC-EAST
ORD-000052,CUST-00689,2023-04-18 12:28:00,DELIVERED,US-EAST
ORD-000053,CUST-00123,2023-05-27 12:25:00,DELIVERED,US-EAST
ORD-000054,CUST-00760,2023-06-22 02:23:00,RETURNED,EU-CENTRAL
ORD-000055,CUST-00206,2024-02-18 03:14:00,DELIVERED,APAC-EAST
ORD-000056,CUST-00286,2023-10-07 20:25:00,DELIVERED,LATAM-SOUTH
ORD-000057,CUST-00973,19-02-2024,SHIPPED,APAC-EAST
ORD-000058,CUST-00111,2023-05-06 08:31:00,DELIVERED,US-WEST
ORD-000059,CUST-00031,2023-04-12 23:03:00,DELIVERED,APAC-EAST
ORD-000060,CUST-00695,2023-01-28 05:24:00,DELIVERED,EU-CENTRAL
ORD-000061,CUST-00157,2023-11-07 19:39:00,PLACED,US-EAST
ORD-000062,CUST-00677,2024-06-16 15:50:00,DELIVERED,EU-CENTRAL
ORD-000063,CUST-00678,2024-05-24 15:32:00,SHIPPED,EU-CENTRAL
ORD-000064,CUST-00829,2023-01-19 01:27:00,CANCELLED,US-EAST
ORD-000065,CUST-00393,2024-04-05 10:54:00,DELIVERED,APAC-EAST
ORD-000066,CUST-00037,2023-02-03 05:35:00,DELIVERED,EU-CENTRAL
ORD-000067,CUST-00906,2023-06-18 15:27:00,PLACED,APAC-EAST
ORD-000068,CUST-00500,2023-04-23 18:43:00,DELIVERED,LATAM-SOUTH
ORD-000069,CUST-00702,2024-04-26 15:35:00,CANCELLED,LATAM-SOUTH
ORD-000070,CUST-00058,2024-02-05 08:31:00,DELIVERED,APAC-EAST
ORD-000071,CUST-00632,2023-12-28 09:20:00,PLACED,LATAM-SOUTH
ORD-000072,CUST-00047,2023-05-12 11:22:00,DELIVERED,LATAM-SOUTH
ORD-000073,CUST-00028,2023-12-16 12:06:00,DELIVERED,EU-CENTRAL
ORD-000074,CUST-00422,2023-12-26 01:42:00,SHIPPED,US-WEST
ORD-000075,CUST-00664,2023-11-16 18:05:00,CANCELLED,US-EAST
ORD-000076,CUST-00890,2023-11-09 03:21:00,SHIPPED,LATAM-SOUTH
ORD-000077,CUST-00334,2023-02-08 14:42:00,CANCELLED,LATAM-SOUTH
ORD-000078,CUST-00528,2024-03-07 08:01:00,DELIVERED,LATAM-SOUTH
ORD-000079,CUST-00023,2023-11-21 12:36:00,DELIVERED,LATAM-SOUTH
ORD-000080,CUST-00101,2024-05-15 03:44:00,DELIVERED,EU-CENTRAL
ORD-000081,CUST-00509,2024-05-29 21:21:00,SHIPPED,EU-CENTRAL
ORD-000082,CUST-00373,2024-03-22 06:31:00,DELIVERED,US-EAST
ORD-000083,CUST-00861,2024-07-02 06:18:00,SHIPPED,EU-CENTRAL
ORD-000084,CUST-00588,2024-02-16 07:39:00,DELIVERED,US-EAST
ORD-000085,CUST-00735,2023-04-08 18:21:00,SHIPPED,LATAM-SOUTH
ORD-000086,CUST-00821,27-06-2024,SHIPPED,US-EAST
ORD-000087,CUST-00668,2023-11-06 16:51:00,SHIPPED,LATAM-SOUTH
ORD-000088,CUST-00321,2023-07-24 13:25:00,SHIPPED,LATAM-SOUTH
ORD-000089,CUST-00465,2023-07-04 00:40:00,DELIVERED,US-WEST
ORD-000090,CUST-00591,26-05-2024,RETURNED,APAC-EAST
ORD-000091,CUST-00275,2024-06-29 19:54:00,DELIVERED,APAC-EAST
ORD-000092,CUST-00958,2023-03-03 16:12:00,DELIVERED,US-WEST
ORD-000093,CUST-00247,2023-06-04 23:43:00,DELIVERED,APAC-EAST
ORD-000094,CUST-00421,2023-11-23 02:40:00,SHIPPED,APAC-EAST
ORD-000095,CUST-00274,21-10-2023,SHIPPED,LATAM-SOUTH
ORD-000096,CUST-00242,2024-02-20 07:07:00,PLACED,US-EAST
ORD-000097,CUST-00252,2023-11-14 14:31:00,DELIVERED,APAC-EAST
ORD-000098,CUST-00433,2023-02-07 06:10:00,SHIPPED,US-EAST
ORD-000099,CUST-00265,2023-10-12 21:35:00,SHIPPED,US-EAST
ORD-000100,CUST-00987,2024-05-12 00:03:00,CANCELLED,US-EAST
ORD-000101,CUST-00322,2023-11-02 02:57:00,RETURNED,EU-CENTRAL
ORD-000102,CUST-00688,2023-04-03 12:53:00,DELIVERED,US-WEST
ORD-000103,CUST-00242,2023-04-25 18:47:00,DELIVERED,US-EAST
ORD-000104,CUST-00535,2024-06-21 08:31:00,CANCELLED,US-WEST
ORD-000105,CUST-00615,2023-05-06 10:21:00,DELIVERED,APAC-EAST
ORD-000106,CUST-00826,2023-08-30 13:13:00,PLACED,US-WEST
ORD-000107,CUST-00220,2023-10-09 14:26:00,SHIPPED,LATAM-SOUTH
ORD-000108,CUST-00058,2024-05-17 17:23:00,DELIVERED,US-EAST
ORD-000109,CUST-00325,2024-03-09 15:43:00,SHIPPED,EU-CENTRAL
ORD-000110,CUST-00901,2023-05-29 11:30:00,DELIVERED,EU-CENTRAL
ORD-000111,CUST-00022,2023-02-05 23:42:00,DELIVERED,US-EAST
ORD-000112,CUST-00708,2023-09-03 08:35:00,DELIVERED,EU-CENTRAL
ORD-000113,CUST-00925,2023-05-05 17:55:00,SHIPPED,APAC-EAST
ORD-000114,CUST-00398,2023-01-09 12:59:00,RETURNED,EU-CENTRAL
ORD-000115,CUST-00309,2023-04-03 07:19:00,SHIPPED,US-WEST
ORD-000116,CUST-00938,25-03-2024,CANCELLED,APAC-EAST
ORD-000117,CUST-00809,2023-02-04 08:55:00,PLACED,APAC-EAST
ORD-000118,CUST-00483,2024-02-27 10:45:00,DELIVERED,US-EAST
ORD-000119,CUST-00845,2023-06-14 22:16:00,DELIVERED,EU-CENTRAL
ORD-000120,CUST-00431,01-12-2023,PLACED,US-EAST
ORD-000121,CUST-00657,2023-07-08 20:28:00,DELIVERED,US-WEST
ORD-000122,CUST-00004,2024-02-15 06:40:00,DELIVERED,LATAM-SOUTH
ORD-000123,CUST-00085,2023-04-24 05:15:00,DELIVERED,US-WEST
ORD-000124,CUST-00868,2024-02-25 10:28:00,DELIVERED,US-WEST
ORD-000125,,2023-09-24 05:43:00,DELIVERED,EU-CENTRAL
ORD-000126,CUST-00819,2023-10-16 06:05:00,DELIVERED,US-WEST
ORD-000127,CUST-00403,2024-01-22 18:14:00,PLACED,US-EAST
ORD-000128,CUST-00946,2023-08-23 02:29:00,SHIPPED,US-WEST
ORD-000129,CUST-00051,2024-02-15 19:27:00,DELIVERED,US-WEST
ORD-000130,CUST-00092,2024-01-12 05:36:00,PLACED,LATAM-SOUTH
ORD-000131,CUST-00446,2024-04-09 21:31:00,PLACED,US-WEST
ORD-000132,CUST-00196,2023-09-30 09:47:00,DELIVERED,US-WEST
ORD-000133,CUST-00442,2023-07-31 19:13:00,RETURNED,EU-CENTRAL
ORD-000134,CUST-00745,2023-07-13 13:11:00,DELIVERED,US-WEST
ORD-000135,CUST-00030,2023-10-25 08:15:00,DELIVERED,US-WEST
ORD-000136,CUST-00379,2024-04-14 02:00:00,DELIVERED,EU-CENTRAL
ORD-000137,CUST-00998,2024-02-12 21:13:00,DELIVERED,APAC-EAST
ORD-000138,CUST-00754,2023-09-20 02:06:00,DELIVERED,US-EAST
ORD-000139,CUST-00341,2023-08-29 15:58:00,DELIVERED,LATAM-SOUTH
ORD-000140,CUST-00962,2023-02-16 00:16:00,DELIVERED,APAC-EAST
ORD-000141,CUST-00310,2024-02-09 21:23:00,PLACED,LATAM-SOUTH
ORD-000142,CUST-00043,2023-07-03 08:10:00,DELIVERED,EU-CENTRAL
ORD-000143,CUST-00899,24-04-2024,DELIVERED,LATAM-SOUTH
ORD-000144,CUST-00444,2023-05-26 08:07:00,DELIVERED,US-WEST
ORD-000145,CUST-00512,2023-10-15 23:23:00,CANCELLED,EU-CENTRAL
ORD-000146,CUST-00925,2023-09-27 19:53:00,DELIVERED,EU-CENTRAL
ORD-000147,CUST-00530,2023-11-17 13:57:00,SHIPPED,APAC-EAST
ORD-000148,CUST-00783,2023-06-04 17:54:00,CANCELLED,APAC-EAST
ORD-000149,,2023-02-24 06:09:00,PLACED,US-WEST
ORD-000150,CUST-00037,2024-04-26 08:10:00,DELIVERED,APAC-EAST
ORD-000151,,2023-04-29 15:02:00,DELIVERED,LATAM-SOUTH
ORD-000152,,2024-05-11 14:31:00,PLACED,US-WEST
ORD-000153,CUST-00127,2023-12-24 02:13:00,CANCELLED,US-WEST
ORD-000154,CUST-00855,2023-06-22 23:32:00,DELIVERED,LATAM-SOUTH
ORD-000155,CUST-00913,2023-08-06 18:00:00,DELIVERED,LATAM-SOUTH
ORD-000156,CUST-00185,2024-03-02 02:15:00,DELIVERED,US-EAST
ORD-000157,CUST-00909,2023-12-03 00:18:00,DELIVERED,US-EAST
ORD-000158,CUST-00404,2024-01-18 18:59:00,RETURNED,EU-CENTRAL
ORD-000159,CUST-00158,2023-01-30 02:29:00,DELIVERED,APAC-EAST
ORD-000160,,2024-04-09 20:17:00,DELIVERED,US-EAST
ORD-000161,CUST-00338,2023-02-14 20:39:00,RETURNED,EU-CENTRAL
ORD-000162,CUST-00971,2023-05-13 06:55:00,PLACED,EU-CENTRAL
ORD-000163,CUST-00331,2023-02-26 23:04:00,DELIVERED,LATAM-SOUTH
ORD-000164,CUST-00391,2023-04-05 12:16:00,SHIPPED,APAC-EAST
ORD-000165,CUST-00092,2023-01-22 06:10:00,DELIVERED,APAC-EAST
ORD-000166,CUST-00292,2023-06-07 03:19:00,DELIVERED,APAC-EAST
ORD-000167,,2023-11-14 21:38:00,PLACED,US-EAST
ORD-000168,CUST-00853,2024-01-12 16:12:00,DELIVERED,APAC-EAST
ORD-000169,CUST-00488,2023-10-02 18:38:00,DELIVERED,APAC-EAST
ORD-000170,CUST-00831,2024-01-13 19:11:00,DELIVERED,APAC-EAST
ORD-000171,CUST-00096,2023-02-11 16:21:00,RETURNED,US-WEST
ORD-000172,CUST-00664,2023-06-08 15:33:00,DELIVERED,LATAM-SOUTH
ORD-000173,CUST-00086,2023-10-25 14:27:00,PLACED,APAC-EAST
ORD-000174,CUST-00308,2023-06-02 04:43:00,CANCELLED,US-WEST
ORD-000175,CUST-00536,2024-03-13 09:36:00,PLACED,US-EAST
ORD-000176,CUST-00940,2023-02-16 16:06:00,DELIVERED,APAC-EAST
ORD-000177,CUST-00097,2024-04-20 21:46:00,DELIVERED,EU-CENTRAL
ORD-000178,CUST-00364,2023-09-18 18:05:00,DELIVERED,US-EAST
ORD-000179,CUST-00117,2024-04-18 05:50:00,SHIPPED,APAC-EAST
ORD-000180,CUST-00047,2023-03-27 13:56:00,DELIVERED,EU-CENTRAL
ORD-000181,CUST-00602,2024-04-10 21:28:00,DELIVERED,EU-CENTRAL
ORD-000182,CUST-00350,2023-07-11 06:11:00,PLACED,LATAM-SOUTH
ORD-000183,CUST-00266,2023-04-19 13:34:00,PLACED,APAC-EAST
ORD-000184,CUST-00120,2023-01-14 05:41:00,DELIVERED,APAC-EAST
ORD-000185,CUST-00890,2024-05-13 09:39:00,DELIVERED,LATAM-SOUTH
ORD-000186,CUST-00370,2024-02-09 09:05:00,PLACED,US-EAST
ORD-000187,CUST-00196,2023-04-25 00:44:00,RETURNED,US-EAST
ORD-000188,CUST-00215,2024-05-07 20:09:00,DELIVERED,APAC-EAST
ORD-000189,,2023-07-15 02:19:00,DELIVERED,US-WEST
ORD-000190,CUST-00486,2024-03-08 00:07:00,SHIPPED,US-WEST
ORD-000191,CUST-00757,2024-03-31 15:30:00,PLACED,APAC-EAST
ORD-000192,CUST-00600,2023-09-06 06:18:00,DELIVERED,APAC-EAST
ORD-000193,CUST-00053,2023-12-08 00:06:00,DELIVERED,APAC-EAST
ORD-000194,CUST-00426,2024-05-22 23:37:00,DELIVERED,LATAM-SOUTH
ORD-000195,CUST-00298,2023-02-07 15:25:00,DELIVERED,LATAM-SOUTH
ORD-000196,CUST-00743,2024-05-14 07:45:00,PLACED,US-EAST
ORD-000197,CUST-00433,2023-11-20 17:04:00,SHIPPED,APAC-EAST
ORD-000198,CUST-00911,2024-04-29 03:31:00,DELIVERED,EU-CENTRAL
ORD-000199,CUST-00460,2024-03-22 00:10:00,SHIPPED,US-WEST
ORD-000200,CUST-00481,19-12-2023,DELIVERED,LATAM-SOUTH
ORD-000201,CUST-00931,14-12-2023,DELIVERED,APAC-EAST
ORD-000202,CUST-00135,2023-10-28 23:45:00,DELIVERED,APAC-EAST
ORD-000203,CUST-00854,2024-01-04 15:51:00,RETURNED,US-WEST
ORD-000204,CUST-00637,2023-08-01 09:44:00,DELIVERED,APAC-EAST
ORD-000205,CUST-00133,2023-06-27 06:10:00,DELIVERED,US-EAST
ORD-000206,CUST-00813,2024-03-01 15:19:00,SHIPPED,LATAM-SOUTH
ORD-000207,CUST-00049,2023-01-19 11:56:00,SHIPPED,US-WEST
ORD-000208,CUST-00179,2024-05-30 01:51:00,PLACED,APAC-EAST
ORD-000209,CUST-00117,2023-08-21 03:35:00,SHIPPED,EU-CENTRAL
ORD-000210,CUST-00349,2023-12-30 01:49:00,CANCELLED,EU-CENTRAL
ORD-000211,,2023-06-04 22:55:00,DELIVERED,US-EAST
ORD-000212,CUST-00724,2023-02-21 14:51:00,DELIVERED,US-EAST
ORD-000213,CUST-00999,2023-04-19 19:39:00,DELIVERED,US-EAST
ORD-000214,CUST-00844,2023-02-12 16:06:00,SHIPPED,US-EAST
ORD-000215,CUST-00892,2023-07-30 11:10:00,DELIVERED,APAC-EAST
ORD-000216,CUST-00781,2024-06-02 15:46:00,CANCELLED,US-WEST
ORD-000217,CUST-00663,2024-01-08 10:52:00,PLACED,US-WEST
ORD-000218,CUST-00450,2024-03-01 00:15:00,DELIVERED,APAC-EAST
ORD-000219,CUST-00350,2023-10-21 16:10:00,PLACED,EU-CENTRAL
ORD-000220,CUST-00733,2024-02-29 11:40:00,DELIVERED,US-WEST
ORD-000221,CUST-00772,2024-06-26 13:50:00,SHIPPED,APAC-EAST
ORD-000222,CUST-00424,2024-02-24 14:54:00,DELIVERED,EU-CENTRAL
ORD-000223,CUST-00967,2023-01-31 14:09:00,DELIVERED,LATAM-SOUTH
ORD-000224,CUST-00967,2023-03-13 02:21:00,DELIVERED,US-WEST
ORD-000225,CUST-00445,2023-03-04 12:48:00,PLACED,US-WEST
ORD-000226,CUST-00925,01-03-2023,DELIVERED,LATAM-SOUTH
ORD-000227,CUST-00997,2023-10-30 13:25:00,CANCELLED,LATAM-SOUTH
ORD-000228,CUST-00895,08-11-2023,DELIVERED,EU-CENTRAL
ORD-000229,CUST-00009,2023-10-14 16:39:00,CANCELLED,APAC-EAST
ORD-000230,CUST-00457,2023-07-30 17:39:00,DELIVERED,APAC-EAST
ORD-000231,CUST-00715,2023-12-20 20:25:00,DELIVERED,EU-CENTRAL
ORD-000232,CUST-00087,2023-02-07 17:21:00,DELIVERED,US-WEST
ORD-000233,CUST-00533,2023-10-18 06:05:00,DELIVERED,EU-CENTRAL
ORD-000234,CUST-00534,2023-12-15 20:10:00,PLACED,LATAM-SOUTH
ORD-000235,CUST-00607,2023-09-22 07:53:00,DELIVERED,APAC-EAST
ORD-000236,CUST-00518,2023-04-24 23:03:00,DELIVERED,EU-CENTRAL
ORD-000237,CUST-00643,2024-06-03 11:07:00,PLACED,US-EAST
ORD-000238,CUST-00460,2023-11-02 18:47:00,PLACED,EU-CENTRAL
ORD-000239,CUST-00242,2024-06-30 19:14:00,DELIVERED,EU-CENTRAL
ORD-000240,CUST-00683,2023-05-24 22:24:00,DELIVERED,US-WEST
ORD-000241,CUST-00108,2023-12-02 16:37:00,SHIPPED,EU-CENTRAL
ORD-000242,CUST-00466,2023-04-11 04:45:00,DELIVERED,APAC-EAST
ORD-000243,CUST-00084,2023-04-05 01:27:00,CANCELLED,APAC-EAST
ORD-000244,CUST-00220,2024-04-01 02:23:00,DELIVERED,APAC-EAST
ORD-000245,CUST-00603,2024-06-15 12:55:00,SHIPPED,APAC-EAST
ORD-000246,CUST-00652,2024-03-09 14:44:00,RETURNED,APAC-EAST
ORD-000247,CUST-00750,2024-03-02 05:09:00,DELIVERED,APAC-EAST
ORD-000248,CUST-00729,2024-04-13 04:45:00,DELIVERED,LATAM-SOUTH
ORD-000249,CUST-00121,2023-08-06 14:30:00,PLACED,US-WEST
ORD-000250,CUST-00967,2024-01-14 03:38:00,CANCELLED,US-EAST
ORD-000251,CUST-00124,2024-01-14 18:18:00,PLACED,US-WEST
ORD-000252,CUST-00121,2024-01-16 09:23:00,DELIVERED,APAC-EAST
ORD-000253,CUST-00029,2023-05-27 04:50:00,DELIVERED,US-EAST
ORD-000254,CUST-00960,2023-11-09 09:13:00,SHIPPED,APAC-EAST
ORD-000255,CUST-00003,2023-05-06 17:22:00,PLACED,US-EAST
ORD-000256,CUST-00428,2024-05-07 18:19:00,DELIVERED,EU-CENTRAL
ORD-000257,CUST-00801,2024-01-22 15:53:00,DELIVERED,LATAM-SOUTH
ORD-000258,CUST-00136,2023-05-22 16:40:00,DELIVERED,APAC-EAST
ORD-000259,CUST-00684,2024-04-04 04:55:00,DELIVERED,US-EAST
ORD-000260,CUST-00820,2024-02-24 12:14:00,CANCELLED,EU-CENTRAL
ORD-000261,CUST-00554,2023-02-16 21:56:00,DELIVERED,EU-CENTRAL
ORD-000262,CUST-00662,2023-04-01 05:45:00,PLACED,EU-CENTRAL
ORD-000263,CUST-00575,2023-05-07 20:35:00,PLACED,LATAM-SOUTH
ORD-000264,CUST-00555,2023-02-24 18:33:00,SHIPPED,APAC-EAST
ORD-000265,CUST-00515,2023-01-20 03:42:00,RETURNED,US-WEST
ORD-000266,CUST-00986,2023-01-20 08:50:00,SHIPPED,LATAM-SOUTH
ORD-000267,CUST-00455,2023-03-28 17:38:00,DELIVERED,LATAM-SOUTH
ORD-000268,CUST-00047,2024-05-18 00:21:00,DELIVERED,APAC-EAST
ORD-000269,CUST-00025,2024-06-24 10:24:00,SHIPPED,US-EAST
ORD-000270,CUST-00102,2023-06-22 09:09:00,SHIPPED,US-EAST
ORD-000271,CUST-00158,2023-11-11 13:43:00,SHIPPED,LATAM-SOUTH
ORD-000272,CUST-00985,2023-11-30 05:01:00,DELIVERED,EU-CENTRAL
ORD-000273,CUST-00400,2023-04-12 10:09:00,DELIVERED,EU-CENTRAL
ORD-000274,CUST-00265,2024-01-20 03:03:00,SHIPPED,LATAM-SOUTH
ORD-000275,CUST-00601,2023-08-31 15:32:00,DELIVERED,APAC-EAST
ORD-000276,CUST-00973,2023-04-28 08:03:00,DELIVERED,LATAM-SOUTH
ORD-000277,CUST-00417,2023-03-09 15:01:00,DELIVERED,US-WEST
ORD-000278,CUST-00936,2023-01-20 08:35:00,RETURNED,US-EAST
ORD-000279,CUST-00253,2023-05-09 09:36:00,DELIVERED,US-EAST
ORD-000280,CUST-00867,2024-05-27 06:50:00,RETURNED,EU-CENTRAL
ORD-000281,CUST-00554,2023-06-22 07:34:00,RETURNED,LATAM-SOUTH
ORD-000282,CUST-00463,2023-02-12 00:52:00,DELIVERED,LATAM-SOUTH
ORD-000283,CUST-00297,2023-06-21 00:03:00,RETURNED,APAC-EAST
ORD-000284,CUST-00280,2023-09-14 21:24:00,RETURNED,US-WEST
ORD-000285,CUST-00600,06-06-2024,SHIPPED,LATAM-SOUTH
ORD-000286,CUST-00577,2023-03-13 09:05:00,DELIVERED,US-EAST
ORD-000287,CUST-00851,2023-05-24 23:35:00,RETURNED,APAC-EAST
ORD-000288,CUST-00216,2024-05-31 10:56:00,DELIVERED,EU-CENTRAL
ORD-000289,CUST-00651,2023-09-25 22:28:00,SHIPPED,EU-CENTRAL
ORD-000290,CUST-00350,2023-08-04 14:38:00,DELIVERED,US-WEST
ORD-000291,CUST-00662,2023-01-03 19:30:00,PLACED,US-EAST
ORD-000292,CUST-00689,2023-06-27 13:35:00,CANCELLED,APAC-EAST
ORD-000293,CUST-00781,2024-02-07 17:05:00,DELIVERED,US-EAST
ORD-000294,CUST-00552,2023-02-01 21:28:00,DELIVERED,EU-CENTRAL
ORD-000295,CUST-00996,2024-01-21 19:22:00,DELIVERED,US-EAST
ORD-000296,CUST-00128,2024-04-18 11:59:00,SHIPPED,US-EAST
ORD-000297,,2023-08-15 23:01:00,DELIVERED,EU-CENTRAL
ORD-000298,CUST-00197,2023-04-03 19:40:00,DELIVERED,US-WEST
ORD-000299,CUST-00240,2024-05-20 11:02:00,SHIPPED,LATAM-SOUTH
ORD-000300,CUST-00215,2023-01-08 06:52:00,DELIVERED,US-EAST
ORD-000301,CUST-00891,2023-10-12 18:32:00,DELIVERED,LATAM-SOUTH
ORD-000302,CUST-00199,2023-06-29 02:37:00,PLACED,US-EAST
ORD-000303,,2023-05-11 08:59:00,DELIVERED,US-WEST
ORD-000304,CUST-00903,2024-06-19 23:50:00,SHIPPED,US-EAST
ORD-000305,CUST-00994,2024-06-29 19:16:00,DELIVERED,APAC-EAST
ORD-000306,CUST-00003,2024-03-13 20:43:00,RETURNED,US-EAST
ORD-000307,CUST-00875,2023-11-27 13:54:00,RETURNED,EU-CENTRAL
ORD-000308,CUST-00125,2024-06-14 14:31:00,DELIVERED,US-EAST
ORD-000309,,2023-08-18 01:17:00,CANCELLED,LATAM-SOUTH
ORD-000310,CUST-00460,2023-11-20 00:25:00,SHIPPED,US-EAST
ORD-000311,CUST-00902,2023-01-26 23:14:00,RETURNED,APAC-EAST
ORD-000312,CUST-00981,2023-03-18 07:12:00,SHIPPED,EU-CENTRAL
ORD-000313,CUST-00065,2023-04-10 00:30:00,DELIVERED,US-EAST
ORD-000314,CUST-00607,2023-12-09 08:15:00,PLACED,US-WEST
ORD-000315,CUST-00982,2023-12-15 01:52:00,DELIVERED,US-WEST
ORD-000316,CUST-00967,16-03-2023,DELIVERED,US-EAST
ORD-000317,CUST-00641,2024-04-02 18:07:00,PLACED,US-EAST
ORD-000318,CUST-00939,2023-02-04 12:20:00,CANCELLED,US-EAST
ORD-000319,CUST-00802,2023-05-11 01:58:00,DELIVERED,US-EAST
ORD-000320,CUST-00309,2024-03-18 02:06:00,DELIVERED,LATAM-SOUTH
ORD-000321,CUST-00054,2023-10-29 12:25:00,PLACED,APAC-EAST
ORD-000322,CUST-00239,2023-01-11 14:24:00,DELIVERED,APAC-EAST
ORD-000323,CUST-00902,2023-04-14 10:41:00,RETURNED,US-EAST
ORD-000324,CUST-00465,2024-06-13 10:37:00,SHIPPED,US-EAST
ORD-000325,,2023-01-13 19:45:00,PLACED,US-WEST
ORD-000326,CUST-00927,2023-05-10 20:32:00,SHIPPED,APAC-EAST
ORD-000327,CUST-00493,2024-03-31 05:15:00,PLACED,US-EAST
ORD-000328,,2023-03-03 04:19:00,DELIVERED,LATAM-SOUTH
ORD-000329,CUST-00983,2024-01-02 09:37:00,CANCELLED,US-WEST
ORD-000330,CUST-00151,2024-04-25 09:38:00,DELIVERED,EU-CENTRAL
ORD-000331,CUST-00994,2023-01-09 16:37:00,DELIVERED,US-WEST
ORD-000332,CUST-00059,2023-09-01 16:52:00,DELIVERED,US-EAST
ORD-000333,CUST-00433,2023-12-19 06:12:00,DELIVERED,US-WEST
ORD-000334,CUST-00805,2023-03-12 10:12:00,DELIVERED,APAC-EAST
ORD-000335,CUST-00615,06-12-2023,RETURNED,LATAM-SOUTH
ORD-000336,CUST-00307,2024-03-04 10:10:00,PLACED,US-EAST
ORD-000337,CUST-00508,2023-08-13 00:40:00,SHIPPED,US-WEST
ORD-000338,CUST-00478,2023-08-07 07:30:00,DELIVERED,EU-CENTRAL
ORD-000339,CUST-00827,2024-01-20 06:25:00,SHIPPED,US-EAST
ORD-000340,,2024-01-07 00:04:00,DELIVERED,LATAM-SOUTH
ORD-000341,CUST-00118,2023-05-26 09:28:00,SHIPPED,LATAM-SOUTH
ORD-000342,CUST-00935,2024-01-04 01:01:00,SHIPPED,EU-CENTRAL
ORD-000343,CUST-00179,2023-08-13 08:46:00,SHIPPED,LATAM-SOUTH
ORD-000344,CUST-00252,2023-07-02 06:01:00,SHIPPED,EU-CENTRAL
ORD-000345,CUST-00933,2023-04-14 00:53:00,DELIVERED,APAC-EAST
ORD-000346,CUST-00671,2023-04-24 10:59:00,SHIPPED,APAC-EAST
ORD-000347,CUST-00246,14-01-2024,SHIPPED,LATAM-SOUTH
ORD-000348,CUST-00819,2024-03-20 22:04:00,PLACED,US-WEST
ORD-000349,CUST-00814,2023-07-14 06:34:00,DELIVERED,EU-CENTRAL
ORD-000350,CUST-00326,2024-03-15 20:15:00,CANCELLED,LATAM-SOUTH
ORD-000351,CUST-00602,2023-07-13 17:18:00,DELIVERED,EU-CENTRAL
ORD-000352,CUST-00254,2023-02-24 20:50:00,SHIPPED,US-WEST
ORD-000353,,2024-06-04 18:56:00,DELIVERED,US-EAST
ORD-000354,CUST-00804,2024-04-26 21:39:00,PLACED,LATAM-SOUTH
ORD-000355,CUST-00398,2024-06-05 11:31:00,DELIVERED,US-WEST
ORD-000356,CUST-00330,2024-01-18 16:44:00,DELIVERED,APAC-EAST
ORD-000357,CUST-00486,2023-10-02 18:25:00,DELIVERED,LATAM-SOUTH
ORD-000358,CUST-00666,2023-02-07 06:14:00,CANCELLED,APAC-EAST
ORD-000359,CUST-00884,2023-08-29 12:13:00,DELIVERED,APAC-EAST
ORD-000360,CUST-00586,2023-06-10 11:16:00,DELIVERED,US-WEST
ORD-000361,CUST-00770,2023-03-28 09:28:00,DELIVERED,US-WEST
ORD-000362,CUST-00598,2023-02-12 14:32:00,DELIVERED,APAC-EAST
ORD-000363,CUST-00462,2024-04-23 13:26:00,DELIVERED,APAC-EAST
ORD-000364,CUST-00325,2023-10-07 12:01:00,SHIPPED,US-WEST
ORD-000365,CUST-00272,2023-03-19 11:57:00,PLACED,LATAM-SOUTH
ORD-000366,CUST-00526,22-03-2023,SHIPPED,US-EAST
ORD-000367,CUST-00074,2024-01-04 01:34:00,SHIPPED,US-WEST
ORD-000368,CUST-00692,2023-12-04 08:19:00,DELIVERED,EU-CENTRAL
ORD-000369,CUST-00196,2023-05-22 22:47:00,DELIVERED,EU-CENTRAL
ORD-000370,CUST-00009,2023-11-03 09:52:00,DELIVERED,APAC-EAST
ORD-000371,CUST-00969,2024-02-20 18:48:00,DELIVERED,APAC-EAST
ORD-000372,CUST-00670,2024-06-08 04:55:00,DELIVERED,US-WEST
ORD-000373,CUST-00741,2023-08-03 15:14:00,DELIVERED,LATAM-SOUTH
ORD-000374,CUST-00776,2024-04-24 23:52:00,DELIVERED,US-EAST
ORD-000375,CUST-00321,2023-07-12 13:49:00,RETURNED,APAC-EAST
ORD-000376,CUST-00215,2024-03-25 14:54:00,DELIVERED,EU-CENTRAL
ORD-000377,CUST-00143,2023-05-12 09:47:00,PLACED,EU-CENTRAL
ORD-000378,CUST-00348,2023-08-19 13:27:00,DELIVERED,APAC-EAST
ORD-000379,,2024-07-04 09:20:00,DELIVERED,LATAM-SOUTH
ORD-000380,CUST-00805,2023-02-02 04:09:00,RETURNED,EU-CENTRAL
ORD-000381,CUST-00582,2024-02-05 12:13:00,RETURNED,US-EAST
ORD-000382,,2024-07-01 12:12:00,DELIVERED,EU-CENTRAL
ORD-000383,CUST-00584,2024-04-07 20:57:00,DELIVERED,US-WEST
ORD-000384,CUST-00107,2023-07-01 01:52:00,DELIVERED,APAC-EAST
ORD-000385,CUST-00028,2023-07-11 06:04:00,CANCELLED,APAC-EAST
ORD-000386,CUST-00291,2023-07-30 07:18:00,DELIVERED,US-EAST
ORD-000387,CUST-00466,2023-02-28 11:33:00,PLACED,EU-CENTRAL
ORD-000388,CUST-00881,2024-02-25 12:10:00,RETURNED,US-WEST
ORD-000389,CUST-00550,2024-03-04 15:47:00,PLACED,US-WEST
ORD-000390,CUST-00134,2023-07-30 09:27:00,DELIVERED,APAC-EAST
ORD-000391,CUST-00163,2023-11-14 18:12:00,DELIVERED,APAC-EAST
ORD-000392,CUST-00283,2023-07-26 00:09:00,DELIVERED,APAC-EAST
ORD-000393,CUST-00620,2023-09-10 16:21:00,CANCELLED,APAC-EAST
ORD-000394,CUST-00472,2024-04-18 18:02:00,DELIVERED,EU-CENTRAL
ORD-000395,CUST-00662,2024-04-12 11:44:00,DELIVERED,EU-CENTRAL
ORD-000396,CUST-00401,2023-06-29 13:15:00,SHIPPED,LATAM-SOUTH
ORD-000397,CUST-00751,2024-03-18 14:24:00,CANCELLED,US-WEST
ORD-000398,CUST-00716,2023-04-08 12:44:00,RETURNED,US-WEST
ORD-000399,CUST-00907,2023-06-11 08:56:00,DELIVERED,EU-CENTRAL
ORD-000400,CUST-00683,2023-03-10 22:46:00,DELIVERED,US-WEST
ORD-000401,CUST-00931,2024-05-20 13:48:00,DELIVERED,EU-CENTRAL
ORD-000402,CUST-00079,2023-04-18 16:49:00,DELIVERED,APAC-EAST
ORD-000403,CUST-00462,2023-06-18 08:13:00,DELIVERED,APAC-EAST
ORD-000404,CUST-00028,16-03-2023,DELIVERED,APAC-EAST
ORD-000405,CUST-00391,2023-12-18 23:25:00,CANCELLED,APAC-EAST
ORD-000406,CUST-00039,2023-01-11 08:07:00,DELIVERED,US-WEST
ORD-000407,CUST-00335,2024-04-20 15:29:00,PLACED,LATAM-SOUTH
ORD-000408,CUST-00673,2023-09-06 22:28:00,PLACED,EU-CENTRAL
ORD-000409,CUST-00862,2023-06-15 05:53:00,PLACED,US-EAST
ORD-000410,CUST-00182,2023-10-29 03:34:00,DELIVERED,US-WEST
ORD-000411,CUST-00080,2023-01-12 21:17:00,SHIPPED,EU-CENTRAL
ORD-000412,CUST-00183,10-08-2023,CANCELLED,LATAM-SOUTH
ORD-000413,CUST-00222,2024-03-28 22:03:00,DELIVERED,LATAM-SOUTH
ORD-000414,CUST-00657,2023-04-16 12:44:00,DELIVERED,US-EAST
ORD-000415,,2023-01-05 01:49:00,DELIVERED,US-WEST
ORD-000416,CUST-00952,2023-09-13 11:58:00,SHIPPED,US-EAST
ORD-000417,CUST-00017,2024-03-07 00:00:00,DELIVERED,US-WEST
ORD-000418,CUST-00697,2023-03-06 07:56:00,PLACED,US-WEST
ORD-000419,CUST-00742,2023-06-21 01:26:00,DELIVERED,EU-CENTRAL
ORD-000420,CUST-00331,2023-07-14 19:13:00,RETURNED,APAC-EAST
ORD-000421,CUST-00962,2024-03-14 03:14:00,SHIPPED,EU-CENTRAL
ORD-000422,CUST-00332,2023-06-27 00:25:00,DELIVERED,US-EAST
ORD-000423,CUST-00399,2023-08-06 14:14:00,PLACED,EU-CENTRAL
ORD-000424,CUST-00666,2024-01-13 01:04:00,CANCELLED,APAC-EAST
ORD-000425,CUST-00309,2024-05-26 03:45:00,DELIVERED,LATAM-SOUTH
ORD-000426,CUST-00176,2023-09-15 03:38:00,DELIVERED,APAC-EAST
ORD-000427,CUST-00695,2023-05-17 10:11:00,DELIVERED,EU-CENTRAL
ORD-000428,CUST-00872,2024-05-08 02:21:00,PLACED,LATAM-SOUTH
ORD-000429,CUST-00460,2024-01-27 16:40:00,DELIVERED,LATAM-SOUTH
ORD-000430,CUST-00602,2023-01-14 07:01:00,DELIVERED,US-EAST
ORD-000431,CUST-00317,2023-08-31 23:27:00,DELIVERED,LATAM-SOUTH
ORD-000432,CUST-00082,2023-03-03 04:23:00,DELIVERED,US-WEST
ORD-000433,CUST-00156,2024-01-20 06:41:00,PLACED,LATAM-SOUTH
ORD-000434,CUST-00969,2024-03-30 23:56:00,DELIVERED,EU-CENTRAL
ORD-000435,CUST-00326,2023-02-10 16:50:00,RETURNED,EU-CENTRAL
ORD-000436,CUST-00769,2023-01-25 07:54:00,DELIVERED,EU-CENTRAL
ORD-000437,CUST-00249,2023-07-30 17:03:00,CANCELLED,US-WEST
ORD-000438,CUST-00821,2023-08-16 19:55:00,DELIVERED,EU-CENTRAL
ORD-000439,CUST-00188,2024-03-28 20:00:00,PLACED,APAC-EAST
ORD-000440,CUST-00072,2023-07-17 01:40:00,RETURNED,US-WEST
ORD-000441,CUST-00129,2023-04-04 05:37:00,DELIVERED,US-WEST
ORD-000442,CUST-00242,2024-06-03 02:27:00,DELIVERED,EU-CENTRAL
ORD-000443,CUST-00169,2023-07-22 07:27:00,SHIPPED,US-WEST
ORD-000444,CUST-00311,2023-10-20 18:28:00,RETURNED,US-WEST
ORD-000445,CUST-00279,2024-05-07 02:23:00,DELIVERED,US-WEST
ORD-000446,CUST-00483,2024-03-27 13:32:00,DELIVERED,APAC-EAST
ORD-000447,CUST-00779,2023-06-09 15:01:00,DELIVERED,APAC-EAST
ORD-000448,CUST-00875,2023-03-27 09:38:00,DELIVERED,LATAM-SOUTH
ORD-000449,CUST-00745,2023-06-29 08:24:00,DELIVERED,APAC-EAST
ORD-000450,CUST-00291,2024-01-20 17:38:00,DELIVERED,EU-CENTRAL
ORD-000451,CUST-00140,2024-04-25 06:09:00,CANCELLED,US-EAST
ORD-000452,CUST-00014,2024-05-27 23:46:00,DELIVERED,APAC-EAST
ORD-000453,CUST-00948,01-03-2024,DELIVERED,APAC-EAST
ORD-000454,CUST-00316,2023-03-14 13:56:00,PLACED,US-EAST
ORD-000455,CUST-00395,2023-06-16 06:48:00,DELIVERED,EU-CENTRAL
ORD-000456,CUST-00790,2023-12-23 16:45:00,DELIVERED,EU-CENTRAL
ORD-000457,CUST-00714,01-03-2023,CANCELLED,US-WEST
ORD-000458,CUST-00249,2024-05-04 01:58:00,DELIVERED,US-EAST
ORD-000459,CUST-00715,2023-06-01 08:38:00,DELIVERED,US-WEST
ORD-000460,,2023-09-18 07:38:00,DELIVERED,US-WEST
ORD-000461,CUST-00013,2023-04-30 02:41:00,DELIVERED,APAC-EAST
ORD-000462,CUST-00408,2023-03-24 16:58:00,SHIPPED,APAC-EAST
ORD-000463,CUST-00170,2024-03-13 08:44:00,DELIVERED,LATAM-SOUTH
ORD-000464,CUST-00675,2024-01-27 18:19:00,DELIVERED,US-EAST
ORD-000465,CUST-00112,2023-12-19 04:17:00,DELIVERED,APAC-EAST
ORD-000466,CUST-00716,2023-11-12 00:10:00,DELIVERED,US-EAST
ORD-000467,CUST-00100,2023-03-13 22:26:00,DELIVERED,EU-CENTRAL
ORD-000468,CUST-00751,2024-03-17 05:11:00,DELIVERED,US-WEST
ORD-000469,CUST-00203,2024-05-13 05:32:00,RETURNED,APAC-EAST
ORD-000470,,2023-08-06 05:12:00,PLACED,US-WEST
ORD-000471,CUST-00829,2023-07-16 08:57:00,CANCELLED,APAC-EAST
ORD-000472,CUST-00642,2023-04-22 20:10:00,PLACED,US-EAST
ORD-000473,CUST-00387,2023-05-08 08:04:00,DELIVERED,LATAM-SOUTH
ORD-000474,CUST-00241,2024-05-04 15:43:00,DELIVERED,US-EAST
ORD-000475,CUST-00063,2023-09-30 00:42:00,DELIVERED,US-EAST
ORD-000476,CUST-00100,2023-08-05 16:50:00,PLACED,LATAM-SOUTH
ORD-000477,CUST-00533,2023-09-30 15:30:00,DELIVERED,LATAM-SOUTH
ORD-000478,CUST-00440,2023-12-11 11:43:00,CANCELLED,EU-CENTRAL
ORD-000479,CUST-00837,2023-09-03 11:42:00,DELIVERED,LATAM-SOUTH
ORD-000480,CUST-00059,2023-12-31 10:51:00,PLACED,APAC-EAST
ORD-000481,CUST-00892,2024-02-16 23:53:00,CANCELLED,US-WEST
ORD-000482,CUST-00027,2023-05-06 16:17:00,RETURNED,US-WEST
ORD-000483,CUST-00378,2024-04-07 19:43:00,DELIVERED,APAC-EAST
ORD-000484,CUST-00528,2024-02-28 21:12:00,PLACED,EU-CENTRAL
ORD-000485,CUST-00018,2024-01-04 01:51:00,DELIVERED,APAC-EAST
ORD-000486,,2023-08-28 19:31:00,DELIVERED,LATAM-SOUTH
ORD-000487,CUST-00814,2023-03-25 11:27:00,RETURNED,APAC-EAST
ORD-000488,CUST-00675,2023-04-13 23:24:00,SHIPPED,US-WEST
ORD-000489,CUST-00730,2023-05-27 16:56:00,DELIVERED,LATAM-SOUTH
ORD-000490,CUST-00033,2023-05-11 15:50:00,PLACED,LATAM-SOUTH
ORD-000491,CUST-00896,23-04-2024,DELIVERED,US-EAST
ORD-000492,CUST-00494,2023-09-04 07:13:00,SHIPPED,US-EAST
ORD-000493,CUST-00109,2024-03-21 22:01:00,SHIPPED,EU-CENTRAL
ORD-000494,CUST-00925,2024-01-28 08:14:00,DELIVERED,APAC-EAST
ORD-000495,CUST-00975,2023-05-07 21:08:00,CANCELLED,APAC-EAST
ORD-000496,CUST-00093,2023-12-07 07:59:00,DELIVERED,LATAM-SOUTH
ORD-000497,CUST-00067,2023-12-18 12:58:00,DELIVERED,APAC-EAST
ORD-000498,CUST-00670,2024-03-23 07:14:00,SHIPPED,EU-CENTRAL
ORD-000499,CUST-00090,2023-04-25 02:21:00,DELIVERED,US-WEST
ORD-000500,CUST-00763,2023-04-29 18:23:00,PLACED,EU-CENTRAL
ORD-000501,CUST-00977,2024-01-25 18:47:00,PLACED,US-EAST
ORD-000502,CUST-00605,2024-07-02 06:54:00,DELIVERED,APAC-EAST
ORD-000503,CUST-00328,09-01-2024,DELIVERED,LATAM-SOUTH
ORD-000504,CUST-00680,2023-08-16 03:25:00,PLACED,APAC-EAST
ORD-000505,CUST-00324,2023-05-29 09:53:00,SHIPPED,APAC-EAST
ORD-000506,CUST-00151,2023-10-18 04:47:00,DELIVERED,US-EAST
ORD-000507,CUST-00614,2023-11-24 09:32:00,RETURNED,US-EAST
ORD-000508,CUST-00281,2024-05-04 20:53:00,SHIPPED,EU-CENTRAL
ORD-000509,CUST-00722,2024-01-21 01:51:00,DELIVERED,US-WEST
ORD-000510,CUST-00869,2023-08-19 22:47:00,PLACED,US-WEST
ORD-000511,CUST-00878,2024-05-14 23:25:00,SHIPPED,US-WEST
ORD-000512,,2023-01-23 17:25:00,DELIVERED,APAC-EAST
ORD-000513,CUST-00357,2024-02-05 12:04:00,DELIVERED,EU-CENTRAL
ORD-000514,CUST-00290,2023-07-19 22:54:00,DELIVERED,US-EAST
ORD-000515,CUST-00135,2023-11-28 18:55:00,DELIVERED,EU-CENTRAL
ORD-000516,CUST-00469,2023-06-17 18:08:00,DELIVERED,APAC-EAST
ORD-000517,CUST-00299,2023-05-29 06:13:00,DELIVERED,US-WEST
ORD-000518,CUST-00753,2023-01-10 11:46:00,CANCELLED,US-EAST
ORD-000519,CUST-00695,2023-06-01 12:27:00,DELIVERED,US-WEST
ORD-000520,,2023-02-27 03:22:00,RETURNED,US-WEST
ORD-000521,CUST-00968,2023-02-23 03:32:00,DELIVERED,LATAM-SOUTH
ORD-000522,CUST-00445,2023-06-02 20:46:00,DELIVERED,US-EAST
ORD-000523,CUST-00122,2023-09-04 12:31:00,DELIVERED,LATAM-SOUTH
ORD-000524,CUST-00978,2023-06-26 20:47:00,DELIVERED,US-EAST
ORD-000525,CUST-00797,19-04-2024,SHIPPED,APAC-EAST
ORD-000526,CUST-00377,2023-01-12 03:07:00,PLACED,APAC-EAST
ORD-000527,CUST-00657,2024-06-05 07:01:00,DELIVERED,LATAM-SOUTH
ORD-000528,CUST-00492,2023-10-08 22:47:00,PLACED,LATAM-SOUTH
ORD-000529,CUST-00186,2024-01-29 15:41:00,DELIVERED,EU-CENTRAL
ORD-000530,CUST-00586,2023-05-09 03:20:00,PLACED,LATAM-SOUTH
ORD-000531,CUST-00190,2024-02-20 22:01:00,DELIVERED,LATAM-SOUTH
ORD-000532,CUST-00803,2024-06-26 15:04:00,DELIVERED,LATAM-SOUTH
ORD-000533,CUST-00552,2023-05-08 06:42:00,CANCELLED,US-WEST
ORD-000534,CUST-00883,2023-07-04 00:35:00,DELIVERED,EU-CENTRAL
ORD-000535,CUST-00126,2023-02-10 04:36:00,SHIPPED,US-WEST
ORD-000536,CUST-00090,2023-09-20 01:05:00,RETURNED,LATAM-SOUTH
ORD-000537,CUST-00306,2024-01-08 17:10:00,DELIVERED,US-EAST
ORD-000538,CUST-00255,2023-11-04 01:33:00,CANCELLED,EU-CENTRAL
ORD-000539,CUST-00675,2024-06-30 14:08:00,DELIVERED,EU-CENTRAL
ORD-000540,CUST-00536,27-12-2023,DELIVERED,US-EAST
ORD-000541,CUST-00679,2023-02-15 07:02:00,SHIPPED,EU-CENTRAL
ORD-000542,CUST-00877,2023-08-09 04:38:00,DELIVERED,LATAM-SOUTH
ORD-000543,CUST-00368,2023-10-12 04:46:00,DELIVERED,US-EAST
ORD-000544,CUST-00564,2023-09-19 08:24:00,DELIVERED,US-WEST
ORD-000545,CUST-00410,2024-04-12 02:16:00,DELIVERED,US-WEST
ORD-000546,CUST-00549,2023-07-28 02:40:00,DELIVERED,US-WEST
ORD-000547,,2024-01-17 18:42:00,DELIVERED,LATAM-SOUTH
ORD-000548,CUST-00620,2023-06-17 13:52:00,SHIPPED,APAC-EAST
ORD-000549,CUST-00389,2023-01-27 19:15:00,PLACED,US-EAST
ORD-000550,CUST-00545,2023-04-23 21:35:00,DELIVERED,EU-CENTRAL
ORD-000551,CUST-00656,2023-04-02 11:58:00,DELIVERED,EU-CENTRAL
ORD-000552,CUST-00150,20-08-2023,PLACED,US-WEST
ORD-000553,,2024-01-23 03:50:00,CANCELLED,US-WEST
ORD-000554,CUST-00540,2023-11-10 18:52:00,DELIVERED,US-EAST
ORD-000555,CUST-00542,2023-12-24 22:36:00,CANCELLED,LATAM-SOUTH
ORD-000556,CUST-00278,2023-04-12 01:10:00,DELIVERED,APAC-EAST
ORD-000557,CUST-00186,2023-12-20 23:43:00,RETURNED,LATAM-SOUTH
ORD-000558,CUST-00565,2024-02-17 15:37:00,PLACED,US-EAST
ORD-000559,CUST-00704,2024-06-09 22:09:00,DELIVERED,US-WEST
ORD-000560,,2024-01-23 18:47:00,SHIPPED,EU-CENTRAL
ORD-000561,CUST-00725,2023-09-13 21:38:00,DELIVERED,APAC-EAST
ORD-000562,CUST-00188,2024-03-25 11:51:00,DELIVERED,EU-CENTRAL
ORD-000563,CUST-00283,2024-03-14 16:45:00,CANCELLED,US-WEST
ORD-000564,CUST-00313,2023-03-31 09:26:00,DELIVERED,US-EAST
ORD-000565,CUST-00650,23-03-2023,SHIPPED,US-EAST
ORD-000566,CUST-00170,2023-02-28 02:47:00,SHIPPED,APAC-EAST
ORD-000567,CUST-00828,2023-01-11 13:43:00,DELIVERED,US-WEST
ORD-000568,CUST-00492,2024-05-24 16:43:00,RETURNED,LATAM-SOUTH
ORD-000569,CUST-00715,2023-05-08 12:00:00,DELIVERED,US-EAST
ORD-000570,CUST-00732,2024-03-11 22:34:00,DELIVERED,US-WEST
ORD-000571,CUST-00757,2024-06-24 21:38:00,PLACED,APAC-EAST
ORD-000572,CUST-00988,2023-06-22 21:59:00,CANCELLED,LATAM-SOUTH
ORD-000573,CUST-00926,2023-08-19 05:04:00,DELIVERED,US-WEST
ORD-000574,CUST-00527,2023-12-28 01:27:00,DELIVERED,US-WEST
ORD-000575,CUST-00383,2023-04-26 10:58:00,DELIVERED,LATAM-SOUTH
ORD-000576,,2023-05-01 09:19:00,DELIVERED,EU-CENTRAL
ORD-000577,CUST-00219,2023-01-03 23:40:00,DELIVERED,US-WEST
ORD-000578,CUST-00946,2023-11-09 20:32:00,DELIVERED,US-EAST
ORD-000579,CUST-00958,19-04-2024,DELIVERED,EU-CENTRAL
ORD-000580,CUST-00007,2024-04-16 10:19:00,DELIVERED,US-EAST
ORD-000581,CUST-00359,2023-07-10 12:22:00,PLACED,APAC-EAST
ORD-000582,CUST-00504,2023-07-22 02:33:00,DELIVERED,US-WEST
ORD-000583,CUST-00421,2023-05-07 15:00:00,SHIPPED,EU-CENTRAL
ORD-000584,CUST-00232,2024-04-26 12:23:00,SHIPPED,APAC-EAST
ORD-000585,CUST-00914,2023-07-06 17:51:00,SHIPPED,APAC-EAST
ORD-000586,CUST-00673,2024-03-25 05:08:00,DELIVERED,APAC-EAST
ORD-000587,CUST-00006,2024-01-03 22:12:00,PLACED,EU-CENTRAL
ORD-000588,,2023-02-11 04:25:00,DELIVERED,EU-CENTRAL
ORD-000589,CUST-00923,2023-02-02 05:42:00,SHIPPED,APAC-EAST
ORD-000590,CUST-00983,2023-09-30 03:26:00,DELIVERED,APAC-EAST
ORD-000591,CUST-00820,2023-05-11 10:48:00,DELIVERED,APAC-EAST
ORD-000592,CUST-00514,2024-02-03 04:07:00,RETURNED,US-EAST
ORD-000593,CUST-00130,2023-06-09 11:32:00,PLACED,US-WEST
ORD-000594,CUST-00054,2023-12-17 13:38:00,DELIVERED,APAC-EAST
ORD-000595,CUST-00492,2023-10-24 09:31:00,PLACED,APAC-EAST
ORD-000596,CUST-00254,2023-06-06 23:32:00,SHIPPED,EU-CENTRAL
ORD-000597,CUST-00786,2023-04-28 08:44:00,SHIPPED,APAC-EAST
ORD-000598,CUST-00204,30-04-2024,DELIVERED,LATAM-SOUTH
ORD-000599,CUST-00626,2023-07-05 06:54:00,DELIVERED,US-WEST
ORD-000600,CUST-00235,2023-05-04 04:25:00,PLACED,US-WEST
ORD-000601,CUST-00952,2023-05-30 13:01:00,DELIVERED,US-EAST
ORD-000602,CUST-00886,2023-02-22 12:26:00,DELIVERED,US-WEST
ORD-000603,CUST-00228,2023-12-11 13:30:00,PLACED,APAC-EAST
ORD-000604,CUST-00660,2023-02-22 09:07:00,SHIPPED,EU-CENTRAL
ORD-000605,CUST-00966,2023-12-26 22:26:00,SHIPPED,US-EAST
ORD-000606,CUST-00187,2023-02-11 00:03:00,DELIVERED,EU-CENTRAL
ORD-000607,CUST-00218,2023-10-20 15:17:00,CANCELLED,US-EAST
ORD-000608,CUST-00442,2023-07-09 08:31:00,DELIVERED,EU-CENTRAL
ORD-000609,CUST-00115,2023-04-10 21:00:00,DELIVERED,US-WEST
ORD-000610,CUST-00340,2024-01-05 23:51:00,DELIVERED,LATAM-SOUTH
ORD-000611,CUST-00542,2024-01-16 07:41:00,SHIPPED,LATAM-SOUTH
ORD-000612,CUST-00394,2023-03-31 03:08:00,DELIVERED,LATAM-SOUTH
ORD-000613,CUST-00124,2023-02-12 18:58:00,CANCELLED,US-WEST
ORD-000614,CUST-00198,2024-04-01 03:04:00,RETURNED,LATAM-SOUTH
ORD-000615,CUST-00352,2023-11-05 23:30:00,RETURNED,US-WEST
ORD-000616,CUST-00547,2023-06-07 01:08:00,SHIPPED,LATAM-SOUTH
ORD-000617,CUST-00729,2023-09-16 17:22:00,CANCELLED,APAC-EAST
ORD-000618,CUST-00645,2023-05-01 13:04:00,DELIVERED,LATAM-SOUTH
ORD-000619,CUST-00954,2024-05-30 00:10:00,DELIVERED,US-WEST
ORD-000620,CUST-00297,2023-02-16 18:03:00,DELIVERED,US-WEST
ORD-000621,CUST-00759,2024-02-12 15:43:00,DELIVERED,LATAM-SOUTH
ORD-000622,CUST-00995,2023-03-18 05:28:00,DELIVERED,APAC-EAST
ORD-000623,CUST-00576,04-02-2024,SHIPPED,US-WEST
ORD-000624,CUST-00004,2023-06-13 18:13:00,DELIVERED,US-EAST
ORD-000625,CUST-00901,2024-06-09 14:32:00,DELIVERED,LATAM-SOUTH
ORD-000626,CUST-00266,2023-11-07 07:18:00,DELIVERED,LATAM-SOUTH
ORD-000627,CUST-00122,2023-06-25 07:02:00,DELIVERED,EU-CENTRAL
ORD-000628,CUST-00041,2023-06-01 08:59:00,PLACED,US-EAST
ORD-000629,CUST-00658,2023-09-12 06:34:00,PLACED,EU-CENTRAL
ORD-000630,CUST-00648,2024-01-13 10:05:00,RETURNED,LATAM-SOUTH
ORD-000631,CUST-00271,2023-05-17 13:57:00,DELIVERED,EU-CENTRAL
ORD-000632,CUST-00059,2023-01-11 11:14:00,DELIVERED,EU-CENTRAL
ORD-000633,CUST-00181,20-09-2023,DELIVERED,LATAM-SOUTH
ORD-000634,CUST-00109,2024-01-27 20:16:00,CANCELLED,LATAM-SOUTH
ORD-000635,CUST-00565,2023-07-31 14:14:00,DELIVERED,US-WEST
ORD-000636,CUST-00596,2024-02-09 04:28:00,SHIPPED,APAC-EAST
ORD-000637,CUST-00378,2023-06-01 15:05:00,DELIVERED,APAC-EAST
ORD-000638,CUST-00190,2023-06-30 06:36:00,DELIVERED,US-WEST
ORD-000639,CUST-00664,2023-10-16 00:19:00,SHIPPED,US-WEST
ORD-000640,CUST-00838,2024-02-08 21:38:00,SHIPPED,US-WEST
ORD-000641,CUST-00074,2024-03-12 07:29:00,CANCELLED,APAC-EAST
ORD-000642,CUST-00103,2024-06-23 04:46:00,DELIVERED,US-EAST
ORD-000643,CUST-00618,2023-04-13 12:24:00,PLACED,US-EAST
ORD-000644,CUST-00782,2023-02-14 04:15:00,DELIVERED,EU-CENTRAL
ORD-000645,CUST-00147,2023-01-14 00:50:00,PLACED,EU-CENTRAL
ORD-000646,CUST-00874,2023-03-29 06:08:00,DELIVERED,LATAM-SOUTH
ORD-000647,CUST-00914,2024-03-30 05:19:00,DELIVERED,US-WEST
ORD-000648,CUST-00250,2023-02-27 17:44:00,SHIPPED,LATAM-SOUTH
ORD-000649,CUST-00127,2023-01-22 01:06:00,DELIVERED,US-EAST
ORD-000650,CUST-00524,2024-03-01 04:00:00,CANCELLED,US-EAST
ORD-000651,CUST-00233,2024-03-13 12:09:00,DELIVERED,EU-CENTRAL
ORD-000652,CUST-00232,2024-01-29 21:56:00,DELIVERED,US-EAST
ORD-000653,CUST-00504,2023-06-23 03:14:00,PLACED,EU-CENTRAL
ORD-000654,CUST-00366,2023-03-20 19:21:00,PLACED,US-EAST
ORD-000655,CUST-00918,2023-02-14 19:09:00,SHIPPED,LATAM-SOUTH
ORD-000656,CUST-00343,2023-07-05 21:27:00,SHIPPED,EU-CENTRAL
ORD-000657,CUST-00640,21-10-2023,PLACED,APAC-EAST
ORD-000658,CUST-00678,2024-01-13 08:51:00,CANCELLED,US-EAST
ORD-000659,CUST-00808,2023-01-03 04:49:00,DELIVERED,EU-CENTRAL
ORD-000660,CUST-00152,2024-02-04 14:46:00,DELIVERED,APAC-EAST
ORD-000661,CUST-00835,2023-03-10 03:36:00,DELIVERED,EU-CENTRAL
ORD-000662,CUST-00149,2023-04-03 10:08:00,SHIPPED,APAC-EAST
ORD-000663,,2023-12-28 10:31:00,DELIVERED,APAC-EAST
ORD-000664,CUST-00617,2023-12-08 04:51:00,RETURNED,US-WEST
ORD-000665,CUST-00393,2024-03-04 17:31:00,DELIVERED,APAC-EAST
ORD-000666,CUST-00546,2024-07-03 07:24:00,PLACED,APAC-EAST
ORD-000667,CUST-00540,2023-08-13 22:05:00,SHIPPED,US-EAST
ORD-000668,CUST-00209,2023-01-18 11:35:00,DELIVERED,US-WEST
ORD-000669,CUST-00944,2023-04-23 01:58:00,DELIVERED,US-WEST
ORD-000670,CUST-00302,2024-04-16 04:53:00,CANCELLED,APAC-EAST
ORD-000671,CUST-00249,2023-08-04 07:03:00,DELIVERED,US-EAST
ORD-000672,CUST-00986,2023-05-27 12:46:00,PLACED,APAC-EAST
ORD-000673,CUST-00381,2023-02-25 22:06:00,DELIVERED,US-EAST
ORD-000674,CUST-00489,2023-06-11 00:09:00,DELIVERED,US-EAST
ORD-000675,CUST-00251,2023-03-20 00:36:00,DELIVERED,APAC-EAST
ORD-000676,CUST-00154,2023-07-06 15:47:00,PLACED,LATAM-SOUTH
ORD-000677,CUST-00716,2023-11-03 15:26:00,DELIVERED,APAC-EAST
ORD-000678,CUST-00801,2023-01-14 09:07:00,SHIPPED,US-EAST
ORD-000679,CUST-00619,2023-06-27 16:10:00,PLACED,APAC-EAST
ORD-000680,CUST-00697,2024-04-10 17:45:00,DELIVERED,LATAM-SOUTH
ORD-000681,CUST-00514,2023-11-10 22:14:00,DELIVERED,US-WEST
ORD-000682,,2023-10-06 02:33:00,DELIVERED,US-WEST
ORD-000683,,2023-08-05 12:39:00,PLACED,APAC-EAST
ORD-000684,CUST-00189,2023-03-21 22:29:00,DELIVERED,APAC-EAST
ORD-000685,CUST-00848,2024-01-25 05:03:00,DELIVERED,APAC-EAST
ORD-000686,CUST-00200,2023-10-04 03:06:00,PLACED,LATAM-SOUTH
ORD-000687,CUST-00798,2023-12-10 00:15:00,SHIPPED,LATAM-SOUTH
ORD-000688,CUST-00110,08-03-2023,PLACED,EU-CENTRAL
ORD-000689,CUST-00193,2023-07-26 20:59:00,PLACED,EU-CENTRAL
ORD-000690,CUST-00088,2023-02-15 18:50:00,DELIVERED,US-EAST
ORD-000691,CUST-00323,2023-04-06 09:00:00,RETURNED,EU-CENTRAL
ORD-000692,CUST-00982,2024-02-12 16:12:00,DELIVERED,APAC-EAST
ORD-000693,CUST-00744,2023-12-31 04:44:00,DELIVERED,EU-CENTRAL
ORD-000694,CUST-00418,30-05-2024,DELIVERED,US-WEST
ORD-000695,CUST-00025,27-01-2024,CANCELLED,US-EAST
ORD-000696,CUST-00298,2023-06-15 04:43:00,DELIVERED,US-EAST
ORD-000697,CUST-00976,2023-08-26 06:51:00,DELIVERED,US-WEST
ORD-000698,CUST-00788,2023-06-14 16:33:00,RETURNED,LATAM-SOUTH
ORD-000699,CUST-00668,2024-06-19 10:28:00,DELIVERED,EU-CENTRAL
ORD-000700,CUST-00298,2024-01-04 19:54:00,RETURNED,US-EAST
ORD-000701,CUST-00913,2024-02-01 07:13:00,RETURNED,LATAM-SOUTH
ORD-000702,CUST-00077,2023-06-06 18:40:00,RETURNED,US-EAST
ORD-000703,CUST-00825,2023-01-16 04:49:00,CANCELLED,LATAM-SOUTH
ORD-000704,CUST-00889,2023-03-31 15:06:00,DELIVERED,US-WEST
ORD-000705,CUST-00957,2023-10-30 05:04:00,SHIPPED,EU-CENTRAL
ORD-000706,CUST-00362,02-04-2023,DELIVERED,APAC-EAST
ORD-000707,CUST-00265,2024-04-29 08:48:00,CANCELLED,US-WEST
ORD-000708,CUST-00963,2023-05-07 18:31:00,PLACED,EU-CENTRAL
ORD-000709,CUST-00411,2024-02-23 19:58:00,DELIVERED,APAC-EAST
ORD-000710,CUST-00376,2024-06-08 19:20:00,DELIVERED,APAC-EAST
ORD-000711,CUST-00519,2024-04-05 08:56:00,CANCELLED,US-EAST
ORD-000712,CUST-00636,2023-02-28 23:50:00,SHIPPED,LATAM-SOUTH
ORD-000713,CUST-00009,2023-06-08 03:18:00,DELIVERED,LATAM-SOUTH
ORD-000714,CUST-00409,2023-03-16 07:24:00,CANCELLED,US-EAST
ORD-000715,CUST-00358,2024-04-22 14:41:00,DELIVERED,APAC-EAST
ORD-000716,CUST-00112,2023-03-29 05:46:00,PLACED,APAC-EAST
ORD-000717,CUST-00787,2024-03-19 06:25:00,DELIVERED,EU-CENTRAL
ORD-000718,CUST-00351,2024-05-12 06:44:00,DELIVERED,US-EAST
ORD-000719,CUST-00286,2024-04-10 01:34:00,SHIPPED,APAC-EAST
ORD-000720,CUST-00150,2023-08-07 10:36:00,PLACED,LATAM-SOUTH
ORD-000721,CUST-00793,2024-01-25 01:59:00,DELIVERED,APAC-EAST
ORD-000722,CUST-00485,2023-08-07 01:13:00,CANCELLED,APAC-EAST
ORD-000723,,2023-10-04 08:40:00,SHIPPED,US-WEST
ORD-000724,CUST-00071,2023-10-08 12:05:00,SHIPPED,APAC-EAST
ORD-000725,,2024-03-05 16:13:00,DELIVERED,EU-CENTRAL
ORD-000726,CUST-00189,2023-02-25 02:57:00,CANCELLED,EU-CENTRAL
ORD-000727,CUST-00987,2023-11-01 05:12:00,DELIVERED,APAC-EAST
ORD-000728,CUST-00494,2024-05-01 17:44:00,DELIVERED,APAC-EAST
ORD-000729,CUST-00364,2024-02-03 00:35:00,DELIVERED,LATAM-SOUTH
ORD-000730,CUST-00204,2023-03-21 23:42:00,DELIVERED,US-WEST
ORD-000731,CUST-00332,2023-11-21 00:09:00,CANCELLED,US-WEST
ORD-000732,CUST-00512,2023-11-21 03:50:00,RETURNED,APAC-EAST
ORD-000733,CUST-00270,2024-06-17 23:00:00,RETURNED,US-WEST
ORD-000734,CUST-00650,2024-04-05 20:37:00,PLACED,US-WEST
ORD-000735,CUST-00764,2023-07-12 13:44:00,DELIVERED,US-WEST
ORD-000736,CUST-00616,2024-01-22 06:22:00,SHIPPED,US-WEST
ORD-000737,CUST-00996,2023-01-15 11:52:00,DELIVERED,EU-CENTRAL
ORD-000738,CUST-00919,2023-11-11 16:52:00,CANCELLED,APAC-EAST
ORD-000739,CUST-00665,2024-04-11 13:26:00,DELIVERED,LATAM-SOUTH
ORD-000740,CUST-00437,2024-06-19 10:07:00,CANCELLED,APAC-EAST
ORD-000741,CUST-00439,2024-01-18 05:35:00,DELIVERED,LATAM-SOUTH
ORD-000742,CUST-00447,2024-01-26 09:54:00,DELIVERED,APAC-EAST
ORD-000743,CUST-00650,2023-10-18 22:39:00,RETURNED,US-EAST
ORD-000744,CUST-00090,2023-04-17 02:41:00,PLACED,APAC-EAST
ORD-000745,CUST-00107,2024-05-23 23:48:00,DELIVERED,LATAM-SOUTH
ORD-000746,CUST-00103,2024-03-30 16:37:00,DELIVERED,EU-CENTRAL
ORD-000747,CUST-00873,06-03-2024,DELIVERED,LATAM-SOUTH
ORD-000748,CUST-00391,2023-04-28 06:54:00,DELIVERED,US-EAST
ORD-000749,CUST-00360,2024-04-20 13:58:00,DELIVERED,APAC-EAST
ORD-000750,CUST-00008,19-01-2024,SHIPPED,EU-CENTRAL
ORD-000751,CUST-00315,2024-02-29 21:15:00,PLACED,APAC-EAST
ORD-000752,CUST-00034,2023-01-16 00:09:00,DELIVERED,LATAM-SOUTH
ORD-000753,CUST-00840,2023-11-22 10:10:00,RETURNED,APAC-EAST
ORD-000754,CUST-00248,2024-02-05 06:39:00,DELIVERED,US-EAST
ORD-000755,CUST-00821,2024-03-15 04:40:00,DELIVERED,US-WEST
ORD-000756,CUST-00413,2023-11-22 16:10:00,DELIVERED,US-EAST
ORD-000757,,2023-05-10 16:07:00,DELIVERED,APAC-EAST
ORD-000758,CUST-00864,2023-09-24 17:10:00,RETURNED,US-WEST
ORD-000759,CUST-00096,2023-04-06 00:27:00,PLACED,LATAM-SOUTH
ORD-000760,CUST-00157,2023-01-29 19:45:00,DELIVERED,US-EAST
ORD-000761,CUST-00586,2024-01-27 00:47:00,DELIVERED,APAC-EAST
ORD-000762,CUST-00650,2024-01-02 05:15:00,DELIVERED,US-WEST
ORD-000763,CUST-00305,2023-07-18 17:53:00,SHIPPED,APAC-EAST
ORD-000764,CUST-00789,2023-09-24 21:03:00,SHIPPED,US-WEST
ORD-000765,CUST-00643,2023-01-24 20:37:00,CANCELLED,US-EAST
ORD-000766,CUST-00471,2023-05-06 03:09:00,SHIPPED,US-WEST
ORD-000767,CUST-00096,2023-03-21 15:54:00,DELIVERED,US-WEST
ORD-000768,CUST-00401,2023-04-14 15:50:00,PLACED,US-EAST
ORD-000769,CUST-00499,2023-03-20 06:43:00,DELIVERED,EU-CENTRAL
ORD-000770,CUST-00649,2024-04-06 05:11:00,SHIPPED,US-WEST
ORD-000771,CUST-00676,2023-02-02 03:21:00,RETURNED,APAC-EAST
ORD-000772,CUST-00629,2023-01-06 05:33:00,DELIVERED,US-EAST
ORD-000773,,2023-07-17 19:01:00,DELIVERED,LATAM-SOUTH
ORD-000774,CUST-00525,2023-06-06 06:55:00,DELIVERED,US-WEST
ORD-000775,CUST-00031,2023-12-02 04:14:00,PLACED,US-WEST
ORD-000776,CUST-00275,2023-10-08 15:12:00,RETURNED,EU-CENTRAL
ORD-000777,CUST-00726,2023-10-29 14:47:00,DELIVERED,APAC-EAST
ORD-000778,CUST-00525,2024-02-14 06:16:00,SHIPPED,EU-CENTRAL
ORD-000779,CUST-00985,2024-02-07 03:37:00,DELIVERED,LATAM-SOUTH
ORD-000780,CUST-00320,2023-06-19 06:46:00,DELIVERED,APAC-EAST
ORD-000781,CUST-00434,2023-10-06 10:39:00,PLACED,APAC-EAST
ORD-000782,CUST-00440,2023-07-24 18:22:00,DELIVERED,US-EAST
ORD-000783,CUST-00461,2023-06-21 01:32:00,SHIPPED,APAC-EAST
ORD-000784,CUST-00301,2024-06-27 11:25:00,PLACED,US-WEST
ORD-000785,CUST-00829,2023-11-27 13:50:00,SHIPPED,US-WEST
ORD-000786,CUST-00075,09-08-2023,DELIVERED,EU-CENTRAL
ORD-000787,,2023-05-06 00:20:00,DELIVERED,EU-CENTRAL
ORD-000788,CUST-00219,2024-04-21 18:50:00,DELIVERED,US-WEST
ORD-000789,CUST-00576,2023-03-09 12:18:00,DELIVERED,LATAM-SOUTH
ORD-000790,CUST-00223,2023-04-16 17:17:00,DELIVERED,US-EAST
ORD-000791,CUST-00588,2024-03-07 21:48:00,DELIVERED,EU-CENTRAL
ORD-000792,CUST-00203,2023-07-21 01:51:00,DELIVERED,US-EAST
ORD-000793,CUST-00282,2024-03-07 03:07:00,DELIVERED,LATAM-SOUTH
ORD-000794,CUST-00335,2024-01-28 07:36:00,PLACED,US-EAST
ORD-000795,CUST-00660,2023-01-05 14:18:00,PLACED,APAC-EAST
ORD-000796,CUST-00038,2024-06-30 16:02:00,DELIVERED,US-EAST
ORD-000797,CUST-00072,2024-04-26 03:53:00,DELIVERED,EU-CENTRAL
ORD-000798,CUST-00282,2023-11-21 11:25:00,PLACED,EU-CENTRAL
ORD-000799,CUST-00506,2023-02-18 12:19:00,DELIVERED,APAC-EAST
ORD-000800,CUST-00506,2023-05-05 11:39:00,PLACED,US-WEST
ORD-000801,CUST-00049,11-01-2023,RETURNED,APAC-EAST
ORD-000802,CUST-00232,2023-06-24 02:12:00,DELIVERED,EU-CENTRAL
ORD-000803,CUST-00836,2024-07-04 00:59:00,DELIVERED,US-EAST
ORD-000804,CUST-00266,2023-02-14 03:03:00,RETURNED,US-EAST
ORD-000805,CUST-00271,2023-12-04 22:39:00,DELIVERED,APAC-EAST
ORD-000806,CUST-00277,2023-06-24 04:37:00,DELIVERED,US-WEST
ORD-000807,CUST-00327,2023-06-01 18:56:00,CANCELLED,APAC-EAST
ORD-000808,CUST-00653,2024-04-02 21:07:00,DELIVERED,US-WEST
ORD-000809,CUST-00592,2024-05-04 21:31:00,RETURNED,EU-CENTRAL
ORD-000810,CUST-00792,2024-05-09 07:05:00,SHIPPED,EU-CENTRAL
ORD-000811,CUST-00729,2023-03-26 11:35:00,DELIVERED,US-WEST
ORD-000812,CUST-00676,2023-07-30 22:04:00,PLACED,APAC-EAST
ORD-000813,CUST-00062,2023-08-06 00:42:00,SHIPPED,APAC-EAST
ORD-000814,CUST-00193,2024-05-14 03:21:00,SHIPPED,LATAM-SOUTH
ORD-000815,CUST-00780,2024-06-24 16:54:00,DELIVERED,EU-CENTRAL
ORD-000816,CUST-00726,2024-04-09 20:09:00,DELIVERED,US-EAST
ORD-000817,CUST-00937,2023-05-14 07:58:00,DELIVERED,APAC-EAST
ORD-000818,CUST-00889,2024-06-09 06:49:00,DELIVERED,US-EAST
ORD-000819,,2023-10-12 13:10:00,DELIVERED,LATAM-SOUTH
ORD-000820,CUST-00664,2023-04-15 04:29:00,CANCELLED,US-EAST
ORD-000821,CUST-00247,2023-01-17 14:11:00,SHIPPED,APAC-EAST
ORD-000822,CUST-00678,2024-06-27 14:22:00,SHIPPED,LATAM-SOUTH
ORD-000823,CUST-00087,2023-12-29 13:13:00,SHIPPED,LATAM-SOUTH
ORD-000824,CUST-00442,2024-06-04 10:03:00,DELIVERED,EU-CENTRAL
ORD-000825,CUST-00101,2023-02-20 20:24:00,DELIVERED,APAC-EAST
ORD-000826,CUST-00199,2023-10-29 06:25:00,SHIPPED,EU-CENTRAL
ORD-000827,CUST-00543,2024-05-20 16:27:00,PLACED,US-EAST
ORD-000828,CUST-00662,2023-09-12 03:14:00,PLACED,US-EAST
ORD-000829,CUST-00590,2023-09-30 07:04:00,DELIVERED,EU-CENTRAL
ORD-000830,CUST-00232,2024-02-19 12:25:00,PLACED,EU-CENTRAL
ORD-000831,CUST-00508,2023-07-30 05:50:00,SHIPPED,EU-CENTRAL
ORD-000832,CUST-00723,2023-10-22 23:00:00,PLACED,LATAM-SOUTH
ORD-000833,CUST-00930,2024-05-03 23:19:00,CANCELLED,US-WEST
ORD-000834,CUST-00175,2023-11-19 21:04:00,SHIPPED,EU-CENTRAL
ORD-000835,CUST-00922,2024-04-11 04:00:00,DELIVERED,APAC-EAST
ORD-000836,CUST-00343,2023-01-22 05:16:00,CANCELLED,US-WEST
ORD-000837,CUST-00696,2023-01-10 19:22:00,RETURNED,LATAM-SOUTH
ORD-000838,CUST-00002,2024-05-15 07:30:00,PLACED,US-EAST
ORD-000839,CUST-00581,2023-10-25 07:33:00,DELIVERED,US-WEST
ORD-000840,CUST-00794,2023-04-07 03:19:00,DELIVERED,EU-CENTRAL
ORD-000841,CUST-00464,2024-05-17 23:22:00,RETURNED,EU-CENTRAL
ORD-000842,CUST-00680,2024-05-13 08:23:00,DELIVERED,EU-CENTRAL
ORD-000843,CUST-00309,2023-12-08 16:49:00,DELIVERED,LATAM-SOUTH
ORD-000844,CUST-00496,2023-04-26 08:43:00,DELIVERED,US-EAST
ORD-000845,CUST-00152,2024-02-25 07:42:00,RETURNED,EU-CENTRAL
ORD-000846,CUST-00510,2023-02-01 07:36:00,DELIVERED,APAC-EAST
ORD-000847,CUST-00369,2023-07-31 23:05:00,SHIPPED,APAC-EAST
ORD-000848,CUST-00655,2023-04-21 08:56:00,DELIVERED,LATAM-SOUTH
ORD-000849,CUST-00921,2024-04-05 16:11:00,SHIPPED,EU-CENTRAL
ORD-000850,CUST-00910,2023-12-06 12:37:00,DELIVERED,EU-CENTRAL
ORD-000851,CUST-00317,2023-07-15 01:37:00,DELIVERED,EU-CENTRAL
ORD-000852,CUST-00855,2023-05-06 13:50:00,DELIVERED,EU-CENTRAL
ORD-000853,CUST-00296,2023-04-23 00:31:00,CANCELLED,US-WEST
ORD-000854,CUST-00478,2023-06-03 16:18:00,DELIVERED,US-WEST
ORD-000855,CUST-00311,2024-05-13 09:04:00,DELIVERED,US-EAST
ORD-000856,CUST-00465,2023-02-11 06:18:00,DELIVERED,US-EAST
ORD-000857,CUST-00055,2024-05-15 09:00:00,DELIVERED,US-EAST
ORD-000858,CUST-00052,2023-09-15 04:22:00,CANCELLED,LATAM-SOUTH
ORD-000859,CUST-00682,2023-06-08 02:45:00,SHIPPED,US-WEST
ORD-000860,CUST-00443,2023-03-24 09:14:00,PLACED,EU-CENTRAL
ORD-000861,CUST-00255,2024-01-31 13:25:00,RETURNED,US-EAST
ORD-000862,CUST-00915,25-09-2023,DELIVERED,LATAM-SOUTH
ORD-000863,CUST-00447,2023-11-27 18:08:00,DELIVERED,US-WEST
ORD-000864,CUST-00257,2023-05-19 13:35:00,SHIPPED,EU-CENTRAL
ORD-000865,CUST-00088,2023-11-01 18:59:00,DELIVERED,LATAM-SOUTH
ORD-000866,CUST-00188,2024-01-20 13:06:00,PLACED,APAC-EAST
ORD-000867,CUST-00711,2023-11-17 16:59:00,DELIVERED,EU-CENTRAL
ORD-000868,CUST-00480,2023-12-29 13:29:00,DELIVERED,APAC-EAST
ORD-000869,CUST-00473,2023-01-29 17:01:00,RETURNED,APAC-EAST
ORD-000870,CUST-00091,24-05-2023,DELIVERED,US-WEST
ORD-000871,CUST-00595,2024-06-08 11:08:00,DELIVERED,LATAM-SOUTH
ORD-000872,CUST-00899,2023-10-28 01:48:00,DELIVERED,US-WEST
ORD-000873,CUST-00413,2023-01-07 14:51:00,DELIVERED,LATAM-SOUTH
ORD-000874,CUST-00472,2023-02-25 02:03:00,SHIPPED,US-EAST
ORD-000875,CUST-00342,2023-04-10 09:36:00,DELIVERED,EU-CENTRAL
ORD-000876,CUST-00886,2023-03-04 03:47:00,DELIVERED,LATAM-SOUTH
ORD-000877,CUST-00758,2023-02-24 22:13:00,DELIVERED,LATAM-SOUTH
ORD-000878,CUST-00759,2024-05-22 04:14:00,CANCELLED,US-WEST
ORD-000879,CUST-00309,2023-11-15 23:59:00,PLACED,APAC-EAST
ORD-000880,CUST-00639,2023-07-25 03:04:00,PLACED,LATAM-SOUTH
ORD-000881,CUST-00902,2023-05-04 16:06:00,SHIPPED,US-EAST
ORD-000882,CUST-00486,2023-01-26 16:28:00,DELIVERED,US-EAST
ORD-000883,CUST-00308,2024-02-19 15:11:00,DELIVERED,LATAM-SOUTH
ORD-000884,CUST-00267,2024-03-25 21:39:00,PLACED,US-WEST
ORD-000885,CUST-00652,2023-01-23 05:09:00,DELIVERED,US-WEST
ORD-000886,CUST-00175,2024-06-07 23:44:00,DELIVERED,APAC-EAST
ORD-000887,CUST-00492,2023-10-24 09:42:00,PLACED,LATAM-SOUTH
ORD-000888,CUST-00505,2024-01-12 21:17:00,DELIVERED,US-EAST
ORD-000889,CUST-00476,2024-03-02 13:09:00,PLACED,APAC-EAST
ORD-000890,CUST-00124,2024-02-03 00:37:00,DELIVERED,LATAM-SOUTH
ORD-000891,CUST-00456,2023-02-13 11:08:00,DELIVERED,APAC-EAST
ORD-000892,CUST-00284,2023-01-10 05:22:00,DELIVERED,LATAM-SOUTH
ORD-000893,CUST-00216,2023-12-24 22:33:00,DELIVERED,US-EAST
ORD-000894,CUST-00179,2023-06-05 11:41:00,DELIVERED,EU-CENTRAL
ORD-000895,CUST-00471,2023-05-24 08:50:00,DELIVERED,EU-CENTRAL
ORD-000896,CUST-00946,2024-02-08 02:58:00,DELIVERED,APAC-EAST
ORD-000897,CUST-00386,2024-04-28 19:42:00,SHIPPED,LATAM-SOUTH
ORD-000898,CUST-00795,2024-06-22 08:08:00,DELIVERED,LATAM-SOUTH
ORD-000899,CUST-00979,2023-12-23 18:39:00,DELIVERED,US-EAST
ORD-000900,CUST-00047,2023-01-31 23:10:00,SHIPPED,US-EAST
ORD-000901,CUST-00512,2024-05-02 10:48:00,SHIPPED,US-WEST
ORD-000902,CUST-00108,2023-06-28 23:57:00,DELIVERED,APAC-EAST
ORD-000903,CUST-00945,2023-03-07 01:39:00,SHIPPED,US-EAST
ORD-000904,CUST-00868,2023-03-16 14:48:00,DELIVERED,US-EAST
ORD-000905,CUST-00946,2023-06-28 10:06:00,DELIVERED,APAC-EAST
ORD-000906,CUST-00137,2023-07-24 06:16:00,DELIVERED,EU-CENTRAL
ORD-000907,CUST-00231,2023-07-26 23:10:00,DELIVERED,LATAM-SOUTH
ORD-000908,CUST-00829,2023-07-16 02:37:00,PLACED,US-EAST
ORD-000909,CUST-00209,2023-02-04 04:57:00,PLACED,APAC-EAST
ORD-000910,CUST-00582,2023-03-15 10:11:00,DELIVERED,LATAM-SOUTH
ORD-000911,CUST-00509,2023-07-14 06:36:00,DELIVERED,LATAM-SOUTH
ORD-000912,CUST-00361,2024-01-01 19:57:00,DELIVERED,US-WEST
ORD-000913,CUST-00821,2023-03-10 14:27:00,DELIVERED,US-EAST
ORD-000914,CUST-00583,2023-03-22 04:50:00,DELIVERED,US-EAST
ORD-000915,CUST-00121,2024-05-25 07:03:00,DELIVERED,EU-CENTRAL
ORD-000916,CUST-00024,2023-08-18 09:59:00,DELIVERED,APAC-EAST
ORD-000917,CUST-00721,2024-01-02 02:55:00,CANCELLED,EU-CENTRAL
ORD-000918,,2023-03-18 17:36:00,SHIPPED,LATAM-SOUTH
ORD-000919,CUST-00955,2024-05-27 09:25:00,DELIVERED,LATAM-SOUTH
ORD-000920,CUST-00715,2023-04-24 18:30:00,RETURNED,EU-CENTRAL
ORD-000921,CUST-00669,2023-01-31 01:21:00,DELIVERED,US-WEST
ORD-000922,CUST-00343,02-03-2023,DELIVERED,EU-CENTRAL
ORD-000923,CUST-00947,2023-03-05 07:31:00,PLACED,LATAM-SOUTH
ORD-000924,CUST-00927,2023-02-06 11:04:00,RETURNED,LATAM-SOUTH
ORD-000925,CUST-00758,2023-03-24 17:30:00,RETURNED,EU-CENTRAL
ORD-000926,CUST-00741,2023-02-12 03:02:00,DELIVERED,US-WEST
ORD-000927,CUST-00666,2023-12-25 13:30:00,DELIVERED,US-WEST
ORD-000928,CUST-00022,2023-02-26 00:49:00,DELIVERED,US-WEST
ORD-000929,CUST-00548,24-01-2024,DELIVERED,LATAM-SOUTH
ORD-000930,CUST-00494,2023-02-23 12:49:00,DELIVERED,US-WEST
ORD-000931,CUST-00441,2024-03-13 17:08:00,PLACED,US-EAST
ORD-000932,CUST-00919,2024-01-12 11:12:00,DELIVERED,US-EAST
ORD-000933,CUST-00244,2023-08-26 02:37:00,PLACED,APAC-EAST
ORD-000934,CUST-00766,2024-07-03 18:02:00,RETURNED,US-EAST
ORD-000935,CUST-00895,2023-09-13 01:04:00,PLACED,APAC-EAST
ORD-000936,CUST-00185,2023-10-17 01:20:00,DELIVERED,US-WEST
ORD-000937,CUST-00300,2023-05-13 19:25:00,DELIVERED,US-EAST
ORD-000938,CUST-00673,2023-03-20 02:16:00,RETURNED,US-WEST
ORD-000939,CUST-00507,2024-01-01 07:28:00,DELIVERED,EU-CENTRAL
ORD-000940,CUST-00799,2023-10-27 20:15:00,DELIVERED,EU-CENTRAL
ORD-000941,CUST-00327,2024-05-30 03:03:00,DELIVERED,APAC-EAST
ORD-000942,CUST-00723,2024-05-12 08:05:00,SHIPPED,US-WEST
ORD-000943,,2024-06-17 07:19:00,DELIVERED,US-WEST
ORD-000944,CUST-00126,2024-01-17 23:52:00,DELIVERED,US-EAST
ORD-000945,CUST-00241,26-03-2024,DELIVERED,US-EAST
ORD-000946,CUST-00022,2024-05-25 01:17:00,SHIPPED,APAC-EAST
ORD-000947,CUST-00308,2023-03-28 01:17:00,CANCELLED,APAC-EAST
ORD-000948,CUST-00508,2023-01-20 12:24:00,DELIVERED,US-WEST
ORD-000949,CUST-00211,2024-01-24 05:42:00,DELIVERED,US-EAST
ORD-000950,CUST-00677,2023-11-09 01:34:00,DELIVERED,US-EAST
ORD-000951,,2023-12-11 08:51:00,DELIVERED,US-WEST
ORD-000952,CUST-00776,2023-01-29 10:46:00,DELIVERED,APAC-EAST
ORD-000953,CUST-00887,2024-03-13 23:59:00,DELIVERED,US-EAST
ORD-000954,,2023-04-22 17:24:00,RETURNED,EU-CENTRAL
ORD-000955,CUST-00880,2024-07-01 14:27:00,DELIVERED,LATAM-SOUTH
ORD-000956,CUST-00788,2024-06-15 08:10:00,RETURNED,APAC-EAST
ORD-000957,CUST-00764,2023-09-01 04:58:00,PLACED,EU-CENTRAL
ORD-000958,CUST-00088,2023-09-13 17:18:00,DELIVERED,APAC-EAST
ORD-000959,CUST-00040,08-10-2023,DELIVERED,LATAM-SOUTH
ORD-000960,CUST-00013,2023-05-08 09:36:00,DELIVERED,EU-CENTRAL
ORD-000961,CUST-00868,2023-07-03 14:29:00,PLACED,US-EAST
ORD-000962,CUST-00478,2023-02-07 11:30:00,DELIVERED,LATAM-SOUTH
ORD-000963,CUST-00224,2024-02-23 01:37:00,RETURNED,EU-CENTRAL
ORD-000964,CUST-00919,2023-11-18 02:28:00,SHIPPED,EU-CENTRAL
ORD-000965,CUST-00266,2024-05-21 04:14:00,DELIVERED,US-WEST
ORD-000966,CUST-00893,2023-02-20 07:07:00,DELIVERED,US-WEST
ORD-000967,,2024-06-02 14:37:00,DELIVERED,LATAM-SOUTH
ORD-000968,CUST-00735,2023-08-22 01:45:00,RETURNED,EU-CENTRAL
ORD-000969,CUST-00017,2023-12-28 17:45:00,PLACED,US-WEST
ORD-000970,CUST-00359,2023-04-22 02:32:00,DELIVERED,LATAM-SOUTH
ORD-000971,,2023-03-21 07:13:00,DELIVERED,EU-CENTRAL
ORD-000972,CUST-00850,2024-03-01 02:41:00,DELIVERED,EU-CENTRAL
ORD-000973,CUST-00147,2023-01-26 10:38:00,DELIVERED,EU-CENTRAL
ORD-000974,CUST-00999,2024-02-22 20:23:00,DELIVERED,EU-CENTRAL
ORD-000975,CUST-00637,2023-02-01 05:23:00,PLACED,US-WEST
ORD-000976,CUST-00934,2023-01-27 03:38:00,SHIPPED,EU-CENTRAL
ORD-000977,CUST-00524,2024-06-04 18:45:00,DELIVERED,US-WEST
ORD-000978,CUST-00388,2023-02-03 21:46:00,SHIPPED,US-EAST
ORD-000979,CUST-00979,2023-03-21 07:36:00,DELIVERED,LATAM-SOUTH
ORD-000980,CUST-00646,2024-03-04 17:46:00,PLACED,LATAM-SOUTH
ORD-000981,CUST-00818,22-02-2023,DELIVERED,LATAM-SOUTH
ORD-000982,CUST-00452,2023-11-21 08:12:00,DELIVERED,EU-CENTRAL
ORD-000983,CUST-00933,2023-09-07 10:15:00,DELIVERED,EU-CENTRAL
ORD-000984,CUST-00237,2024-04-11 10:47:00,RETURNED,US-WEST
ORD-000985,CUST-00456,2024-02-24 11:05:00,DELIVERED,LATAM-SOUTH
ORD-000986,CUST-00079,2024-01-06 20:30:00,DELIVERED,APAC-EAST
ORD-000987,CUST-00806,2024-03-04 07:36:00,DELIVERED,US-WEST
ORD-000988,CUST-00948,2024-07-04 07:49:00,CANCELLED,LATAM-SOUTH
ORD-000989,CUST-00682,2023-05-22 19:16:00,DELIVERED,EU-CENTRAL
ORD-000990,CUST-00322,2023-05-01 02:26:00,DELIVERED,US-WEST
ORD-000991,CUST-00590,2024-05-21 20:56:00,DELIVERED,US-WEST
ORD-000992,CUST-00898,2024-04-09 00:10:00,PLACED,EU-CENTRAL
ORD-000993,,2024-04-26 23:06:00,PLACED,US-EAST
ORD-000994,,2024-03-17 00:44:00,SHIPPED,US-EAST
ORD-000995,CUST-00136,2024-06-11 16:58:00,DELIVERED,APAC-EAST
ORD-000996,CUST-00363,2023-05-11 12:44:00,DELIVERED,EU-CENTRAL
ORD-000997,CUST-00122,2023-12-11 10:37:00,DELIVERED,US-EAST
ORD-000998,CUST-00740,2023-02-16 02:47:00,CANCELLED,APAC-EAST
ORD-000999,,2024-02-23 20:28:00,DELIVERED,APAC-EAST
ORD-001000,,24-10-2023,PLACED,US-WEST
